AI,AREA_MN,CONTAG,DEM,ERF,BUA proportion,NDVI,PD,Population density,Road network density,Soil permeability,Green space ratio,Drainage network density
0.484382992,0.372384056,0.746347195,0.146049695,0.157491573,0.981183754,0.285652193,0.490448599,0.957658221,0.956563982,0.570022395,0.525585193,0.209917723
0.231341473,0.137625387,0.915895387,0.01474014,0.540817476,0.810925481,0.569185198,0.239102911,0.893663778,0.876772397,0.283698465,0.268100163,0.214809873
0.793258092,0.715125132,0.362173786,0.592904537,0.147965302,0.960614563,0.628767027,0.775092799,0.97907038,0.976092203,0.26853612,0.428688078,0.234378475
0.05482839,0.02379141,0.963669689,0.029183864,0.514201504,0.712379321,0.693011321,0.066522017,0.845428123,0.915466655,0.083617183,0.44011976,0.338892595
0.737911141,0.64482567,0.448992905,0.196500784,0.474899956,0.951194251,0.293879365,0.726996529,0.922044984,0.959964215,0.207114752,0.449101796,0.113408939
0.976940152,0.971699172,0.039608148,0.023624956,0.186406553,0.739545318,0.220785672,0.977187542,0.871311677,0.909117479,0.271656566,0.420794774,0.173226596
0.475484865,0.333467749,0.805841721,0.099754946,0.62071086,0.959549542,0.200993304,0.469901926,0.971393858,0.955603316,0.155967068,0.515514426,0.316433178
0.543393028,0.468332283,0.647235121,0.041101556,0.480524432,0.205842507,0.734175829,0.548474157,0.02387697,0.509224291,0.040518415,0.583832335,0.314876584
0.336574979,0.19203426,0.922127957,0.26433667,0.379359538,0.98436216,0.18568241,0.336911729,0.987581511,0.986296064,0.012665465,0.619760479,0.116744496
0.179601117,0.069127024,0.954965789,0.067511679,0.783250438,0.950230325,0.199651402,0.160230374,0.953478315,0.964832347,0.22802225,0.873979314,0.198132088
0.14686791,0.087348089,0.945270808,0.918651141,0.357371156,0.996602501,0.502149301,0.162185585,0.990689726,0.991060352,0.663628752,0.364997278,0.184122748
0.525423307,0.434404909,0.651060276,0.039668115,0.347691927,0.79655969,0.556156603,0.527512566,0.927251019,0.910180511,0.262104246,0.710397387,0.146542139
0.859700223,0.802623423,0.284611253,0.495456221,0.349394969,0.796825096,0.329162676,0.851951171,0.868209589,0.807069045,0.272825183,0.449646162,0.200355793
0.897901808,0.873587291,0.205304085,0.015343116,0.406437766,0.728906479,0.365706124,0.907855172,0.883567078,0.947461528,0.439674487,0.7022319,0.154547476
0.829107885,0.766885834,0.307152381,0.121625931,0.315001599,0.766403615,0.438049193,0.827770829,0.893979927,0.91433302,0.268889157,0.61050626,0.165666
0.547588799,0.434336757,0.678059316,0.056072361,0.628346598,0.966267492,0.258447267,0.531391162,0.967714749,0.975180439,0.267165501,0.436581383,0.304647543
0.17985134,0.097206662,0.954710743,0.160996293,0.591836924,0.930318473,0.250809909,0.184083352,0.965082794,0.927689382,0.156633885,0.484757757,0.395374694
0.584546328,0.461577272,0.684456157,0.272082409,0.450794049,0.984612106,0.295452236,0.598491989,0.947421603,0.979196305,0.207354151,0.420794774,0.15654881
0.883009987,0.844427383,0.233467709,0.078762285,0.285165236,0.679197688,0.42371226,0.888218388,0.87859735,0.92089776,0.25460596,0.469243332,0.141205248
0.308822599,0.215811717,0.889133458,0.567877727,0.336340018,0.881478061,0.31020301,0.339105418,0.911461307,0.943874052,0.785602049,0.528307022,0.254169446
0.204325333,0.162218674,1,0.018511694,0.294851517,0.714534035,0.959253935,0.259252401,0.787127182,0.733532374,0.408983397,1,0.261062931
0.936854063,0.921229813,0.102549491,0.095048617,0.111562578,0.865241861,0.180020159,0.934765043,0.955976486,0.938633759,0.269243089,0.445291236,0.22748499
0.763806649,0.704562241,0.35789507,0.307761785,0.292883281,0.98402886,0.023970414,0.752388678,1,0.990637438,0.219910179,0.505715841,0.078941517
0.289778299,0.164316454,0.932511939,0.15349488,0.373302952,0.942935806,0.248521545,0.283517844,0.920524436,0.960014163,0.269734972,0.586554164,0.01400934
0.918430255,0.891170578,0.133539649,0.674531279,0.205530501,0.999045209,0.822269355,0.916363478,0.994083434,0.992002012,0.270902006,0.323625476,0.17989771
0.256806229,0.188514668,0.85281484,0.212741598,0.595560723,0.782410277,0.407219125,0.284551389,0.874385667,0.91010551,0.107107996,0.612683723,0.14209473
0.653733854,0.500759075,0.67787579,0.175799743,0.477338577,0.954946606,0.346876738,0.661984242,0.897970844,0.96137572,0.246911734,0.478769733,0
0.502804958,0.435129018,0.610323814,0.080994465,0.296783852,0.906041053,0.193026587,0.480826064,0.947537426,0.936392484,0.275412837,0.590092542,0.114520792
0.22933938,0.140155152,0.912112169,0.021045649,0.572529406,0.877024516,0.455562817,0.23476194,0.915197708,0.954625581,0.226872021,0.7022319,0.376917945
0.832164908,0.791622487,0.254956918,0.029808902,0.229122568,0.724800447,0.640539876,0.835207176,0.919689657,0.919315906,0.385184727,0.568862275,0.206804536
0.379155012,0.248597172,0.848164326,0.062278804,0.487499773,0.958765498,0.420069866,0.371566242,0.943123199,0.970425114,0.394095093,0.576483397,0.296864576
0.568810503,0.517072698,0.592582636,0.036866668,0.743823631,0.869796193,0.325617521,0.57884553,0.914183258,0.953616438,0.269660315,0.365813827,0.297531688
0.204893939,0.112185748,0.956970019,0.141905185,0.522587065,0.848962096,0.317354904,0.208483386,0.920640948,0.870104606,0.164843961,0.543821448,0.456081832
0.790943142,0.730500404,0.345378917,0.000977459,0.252676718,0.87205094,0.37801013,0.788468451,0.950645012,0.916040087,0.595031694,0.54491018,0.182343785
0.620845601,0.507206899,0.610297527,0.991521719,0.182434288,0.999241486,0.173466443,0.602627498,0.989980257,0.987854437,0.188355229,0.518508438,0.198576829
0.981343776,0.978286748,0.042781738,0.014245074,0.467228317,0.840364851,0.297100807,0.984771727,0.912381224,0.977984557,0.537843191,0.362275449,0.419168334
0.53235342,0.344688042,0.76996286,0.514256566,0.182776141,1,0.120147134,0.503441369,0.987816096,0.985732869,0.272418564,0.028579205,0.068267734
0.801182651,0.766962659,0.315124399,0,0.590437641,0.790179485,0.44606202,0.815753562,0.92549247,0.894436502,0.315079376,0.556341862,0.307093618
0.59519172,0.500527711,0.684907784,0.027843787,0.293235603,0.513621431,0.773374432,0.610644478,0.531504211,0.865055876,0.151744328,0.623298857,0.140760507
0.476333476,0.358114569,0.804215795,0.574505299,0.494908806,0.956009224,0.226679102,0.501511043,0.964365705,0.988355166,0.709527436,0.39983669,0.169001557
0.414563613,0.293640997,0.866497973,0.472207856,0.41328684,0.984645759,0.180333206,0.444219146,0.985019861,0.995793121,0.712901606,0,0.185679342
0.419017896,0.321977847,0.773380875,0.074187258,0.379875682,0.440433974,0.703697078,0.413660396,0.603098075,0.758797535,0.025004616,0.528034839,0.179675339
0.313560571,0.217827725,0.908382227,0.709228403,0.141927457,0.984893812,0.345717814,0.317544196,0.981810612,0.986000147,0.760030893,0.425149701,0.222370469
0.716733342,0.631663859,0.468241455,0.596459913,0.08863972,0.83821894,0.568318096,0.704273483,0.913538939,0.912890515,0.270419421,0.498366903,0.119412942
0.469952319,0.354516484,0.752101676,0.089037514,0.447002548,0.952277091,0.325886864,0.464962518,0.953200045,0.972639946,0.671481934,0.589548176,0.124972204
0.648700527,0.570314193,0.508997609,0.248463146,0.242247126,0.983503987,0.051951476,0.637689148,0.997171062,0.993657937,0.248981058,0.037561241,0.108516789
0.517007206,0.431843235,0.692502838,0.374558782,0.564941011,0.926495299,0.321171911,0.556920144,0.90140543,0.946123474,0.080766715,0.440936309,0.157660663
0.779967394,0.727313126,0.374271786,0.030859727,0.372475426,0.709089001,0.504985655,0.783970668,0.92864534,0.914055991,0.218988191,0.715024496,0.418501223
0.657695059,0.578511863,0.510592852,0.109980059,0.300453834,0.851641357,0.362797103,0.653162242,0.949226449,0.941188752,0.23841095,0.563962983,0.256393151
0.217191112,0.150142748,0.934871264,0.08786827,0.511250986,0.829892274,0.375060748,0.229379013,0.899284926,0.851142206,0.181753104,0.517691889,0.30353569
0.240878821,0.182245508,0.905330737,0.067228951,0.219854079,0.962874869,0.305697174,0.305392899,0.948682401,0.960256413,0.244832768,0.549809472,0.245941739
0.599432315,0.552059941,0.480414931,0.092059419,0.15248177,0.943100029,0.114698182,0.582494482,0.977031725,0.954219795,0.265761273,0.505443658,0.146097398
0.592553476,0.453132562,0.686607779,0.323478731,0.411801652,0.991973824,0.205537932,0.579256523,0.950316528,0.989593292,0.510227643,0.239248775,0.019568601
0.355277871,0.211708936,0.894687137,0.089633669,0.663203373,0.964093369,0.207433783,0.34695563,0.978772252,0.973957904,0.168655399,0.429232444,0.332443851
0.448177361,0.303320905,0.84189993,0.469280015,0.327328092,0.978325088,0.156870318,0.453466439,0.972392262,0.985092694,0.493821885,0.615949918,0.066933511
0.503628085,0.364141803,0.819867112,0.364206595,0.405777729,0.988909071,0.200806354,0.511816556,0.986748135,1,0.775006527,0.159499183,0.156993551
0.284776902,0.216747788,0.806076194,0.154124307,0.958188386,0.806499986,0.399977102,0.285027083,0.879808426,0.907150595,0.029972068,0.572945019,0.359573049
0.378409562,0.313016378,0.771325301,0.018445386,0.311889201,0.850880404,0.544971685,0.391264713,0.889716828,0.781393941,0.377057779,0.575394665,0.158994885
0.424072408,0.358814663,0.806493797,0.011630817,0.381833341,0.329527921,0.856345435,0.463339087,0.657575678,0.580364597,0.509707867,0.546543277,0.368912608
0.087295408,0.080923501,0.93650141,1,0.265440286,0.92225853,0.437797416,0.135669814,0.952011598,0.94188798,0.812270747,0.530484486,0.224816544
0.561427532,0.436008333,0.701654012,0.335987217,0.380286063,0.955740737,0.239142873,0.568606193,0.948195968,0.972556589,0.257055044,0.477953185,0.183678008
0.919010221,0.899005471,0.143031588,0.028693567,0.178188734,0.807956801,0.306011581,0.920339232,0.91333664,0.880107638,0.243302298,0.55988024,0.179230598
0.898953053,0.871834999,0.15937161,0.103704672,0.242890073,0.742887821,0.421813376,0.90182628,0.884033099,0.913896666,0.271620752,0.686445291,0.293084278
0.414563306,0.325800958,0.761029059,0.011613256,0.535162133,0.832569237,0.495915115,0.430132546,0.915411199,0.847678532,0.279037838,0.64044638,0.349788748
0.922509356,0.90147231,0.146994936,0.063771297,0.244480699,0.767614509,0.51412928,0.930627885,0.919505526,0.943329079,0.095966044,0.670930866,0.31754503
0.897143462,0.876423911,0.154518426,0.096728379,0.254301698,0.801206836,0.3145908,0.901648017,0.891788438,0.928023634,0.271656566,0.453728906,0.235267956
0.57208367,0.419986776,0.735707201,0.479082956,0.094947435,0.909110877,0.406067938,0.559509964,0.958244772,0.947972474,0.271605256,0.490473598,0.161440961
0.311642294,0.18351117,0.931052175,0.080350501,0.437766365,0.938742819,0.293332002,0.298042144,0.951070618,0.962884766,0.215686612,0.630375612,0.106737825
0.589627858,0.51637038,0.595654259,0.172270822,0.07148757,0.945809057,0.151772473,0.576723764,0.974484215,0.971192914,0.271488243,0.584376701,0.093617968
0.832829919,0.760344953,0.313437503,0.09848843,0.175772777,0.963923045,0.17165863,0.829115825,0.990326058,0.993812308,0.525012433,0.549809472,0.129419613
0.371078478,0.236314731,0.843597772,0.278394496,0.18094953,0.975431218,0.182346163,0.374521419,0.983893415,0.976712504,0.171296015,0.57022319,0.122303758
0.804479765,0.776554846,0.335748005,0.014141339,0.67356048,0.960913322,0.264306506,0.8149334,0.917293856,0.969886737,0.169383788,0.413445836,0.195463642
0.72201505,0.656585625,0.47583897,0.013647812,0.69091444,0.832289168,0.301398886,0.722798352,0.923639514,0.973048913,0.275055048,0.419706042,0.180342451
0.900044211,0.870071145,0.154535713,0.071794308,0.247752926,0.768714824,0.406931589,0.898086271,0.916923607,0.935279077,0.271277426,0.412357104,0.200578163
0.414296197,0.319350021,0.826652325,0.012126862,0.596407531,0.856803134,0.397803439,0.439083459,0.929049785,0.9622753,0.258307547,0.379695155,0.231042918
0.810370914,0.750005865,0.307976707,0.097850031,0.117838601,0.956873354,0.108648855,0.803464168,0.98628715,0.989659588,0.497328357,0.192161132,0.114743162
0.328228265,0.23370953,0.834636541,0.010560592,0.682039571,0.637252133,0.618081062,0.366458384,0.867180916,0.711831866,0.282600097,0.609417529,0.30820547
0.361412181,0.294874305,0.773287771,0.128449691,0.579593025,0.965388654,0.35598565,0.366731,0.982844154,0.987807901,0.114673431,0.577572128,0.172781855
0.979644713,0.975852262,0.044593409,0.021946961,0.413464045,0.800405823,0.23265231,0.983628162,0.883369232,0.944188083,0.398132636,0.40827436,0.198132088
0.736444802,0.681564538,0.516423117,0.031175667,0.543467763,0.974016123,0.328403687,0.771574022,0.946342852,0.982005413,0.021293663,0.469515514,0.184122748
0.540976147,0.448206889,0.702082209,0.037944374,0.544330975,0.968066933,0.286580357,0.602220361,0.965028304,0.967134096,0.02707394,0.469515514,0.184122748
0.395428127,0.279648679,0.849616353,0.079620716,0.467564234,0.892163871,0.347403608,0.409193106,0.903642983,0.910706957,0.386896744,0.439303212,0.14698688
0.565221102,0.527533304,0.592632397,0.019512382,0.364712775,0.846241781,0.471051146,0.631516131,0.837462373,0.930944522,0.043053726,0.553620033,0.226150767
0.577912799,0.449258197,0.690526785,0.503987646,0.265103721,0.981942845,0.207040017,0.580444707,0.966059318,0.986519443,0.215945364,0.310560697,0.204803202
0.759391358,0.663456707,0.432812638,0.001596396,0.291259164,0.772101935,0.81736536,0.746456383,0.9605401,0.928109917,0.243234459,0.652150245,0.202357127
0.946034036,0.922430101,0.117137866,0.065552274,0.346322357,0.784900091,0.354664451,0.948614321,0.891018631,0.921574994,0.271597474,0.479858465,0.139426284
0.346917954,0.253720743,0.869347168,0.165646423,0.319796031,0.918131791,0.285351588,0.375112286,0.923974667,0.973167948,0.48520271,0.467882417,0.215699355
0.607939602,0.522107438,0.543919016,0.549915978,0.122717462,0.940829822,0.314627082,0.590662384,0.967921393,0.958419152,0.271655257,0.645890038,0.167222593
0.417602522,0.299385392,0.826686524,0.175674044,0.189447292,0.977729061,0.258260108,0.427222161,0.96925734,0.981937171,0.1604571,0.467610234,0.212586169
0.619452333,0.570495749,0.545953138,0.001586862,0.638976524,0.239280521,0.764345402,0.659065026,0.388388512,0.504020633,0.28675245,0.442025041,0.368912608
0.327986331,0.193367963,0.941108493,0.274924044,0.698893145,0.972479845,0.230240568,0.328373981,0.970047193,0.950742711,0,0.543821448,0.160551479
0.765189172,0.706222365,0.358439888,0.156860761,0.165043744,0.788560067,0.414538731,0.769601848,0.929197294,0.948781631,0.266109902,0.492651062,0.141427618
0.975849608,0.97249866,0.038520452,0.02311389,0.262100107,0.810780484,0.254498308,0.976849558,0.893784939,0.920614561,0.270437878,0.567229178,0.186568824
0.307062746,0.216366834,0.893723574,0.144838032,0.279268588,0.997703171,0.244761732,0.343634184,0.986244794,0.992228264,0.640489737,0.467882417,0.133422282
0.587476244,0.534382596,0.598141678,0.002613795,0.535134796,0.699190956,0.489308702,0.618890682,0.892096113,0.753875087,0.306690302,0.644256941,0.373582388
0.928681123,0.918748632,0.105316604,0.045651558,0.421516637,0.797470049,0.269919406,0.927132347,0.926883425,0.953134895,0.271511591,0.454545455,0.20836113
0.337723551,0.21158019,0.892329483,0.146273416,0.395781075,0.963337423,0.260069071,0.334294711,0.946421238,0.969688737,0.299018459,0.584376701,0.229931065
0.347072694,0.213067486,0.905527406,0.09893024,0.254581856,0.966894059,0.268394214,0.369713026,0.959532271,0.955767471,0.655832458,0.360642352,0.164109406
0.643146489,0.480330829,0.667923126,0.314037987,0.307112467,0.97186595,0.2126686,0.625569395,0.97479521,0.972627765,0.295012045,0.518236255,0.135868357
0.882578621,0.837962548,0.214140123,0.733764231,0.287904449,0.993017652,0.483074935,0.878189558,0.978462612,0.981544842,0.272123999,0.388949374,0.246164109
0.664639295,0.559244548,0.576221305,0.32412402,0.276190652,0.961724397,0.309599709,0.669542562,0.935636628,0.946511417,0.232075221,0.361731083,0.256837892
0.888328539,0.860492187,0.201821408,0.026972549,0.107844643,0.694657985,0.527196875,0.897474655,0.883041041,0.879384968,0.228475634,0.5318454,0.266844563
0.892915762,0.877258976,0.144540519,0.067724937,0.396801561,0.792081344,0.271155286,0.890969717,0.894892088,0.917757121,0.272394046,0.526401742,0.15654881
0.426214504,0.348489139,0.699417551,0.471802848,0.231576334,0.93498537,0.307639031,0.411158411,0.967455023,0.938267203,0.271648921,0.378878606,0.135423616
0.34119444,0.262892674,0.836852122,0.051108688,0.430494101,0.582231421,0.564435427,0.366787711,0.668706083,0.657221381,0.538485559,0.49809472,0.175672671
0.546318032,0.468338843,0.599252106,0.186894368,0.170813084,0.964984327,0.062006641,0.508669237,0.984173925,0.97113737,0.267321014,0.592270005,0.113186569
0.342989601,0.214511757,0.86889264,0.098809867,0.556923456,0.961874705,0.375312734,0.320541364,0.964195627,0.956303511,0.247583235,0.818726184,0.236602179
0.321610701,0.2041864,0.880407052,0.13995561,0.175840587,0.912382468,0.361080046,0.333322714,0.937297878,0.931264469,0.196562275,0.601252041,0.272403825
0.82512396,0.762791891,0.326728068,0.596472253,0,0.966561818,0.586833597,0.827607989,0.989458359,0.973870011,0.221993139,0.591453457,0.167000222
0.454099825,0.334797783,0.733948785,0.19760408,0.181694464,0.96827318,0.056621679,0.446172043,0.979619399,0.957955349,0.239396782,0.534567229,0.144318435
0.388691132,0.276174336,0.840449749,0.101069492,0.581348948,0.92866741,0.351775819,0.397886225,0.950080396,0.962986748,0.15439858,0.665487207,0.261952413
0.261433058,0.215312357,0.8825312,0.052496913,0.545255845,0.917652954,0.320646923,0.345655778,0.905556694,0.921215569,0.442026392,0.538649973,0.28930398
0.310147709,0.214436989,0.895508013,0.079572404,0.440664867,0.85110442,0.329746111,0.332101863,0.931346845,0.906236855,0.378340724,0.468971149,0.208138759
0.629416749,0.512568505,0.606289462,0.165787751,0.375527893,0.944177974,0.254673548,0.622569285,0.96043639,0.966653658,0.272269043,0.422700054,0.149655326
0.263697042,0.223940234,0.859754169,0.09248317,0.317081712,0.961550245,0.307348986,0.323689664,0.951787089,0.97992051,0.523509649,0.523135547,0.106960196
0.575199948,0.460544975,0.685138389,0.19490012,0.435187377,0.962931107,0.355345021,0.612238467,0.922152813,0.981591063,0.155812933,0.53837779,0.259283967
0.879554449,0.834188022,0.2385382,0.108668104,0.256110213,0.750427582,0.460466497,0.883470912,0.884544808,0.923548552,0.253528805,0.592270005,0.216588837
0.849332993,0.813215333,0.253682701,0.089650418,0.32316873,0.718399127,0.395826659,0.852046086,0.859051524,0.897708854,0.271656566,0.46162221,0.174560818
0.854163686,0.80886968,0.243609284,0.095401479,0.146782541,0.936042119,0.19629989,0.842917752,0.974578183,0.971928018,0.223255698,0.363636364,0.074494107
0.221365083,0.16848561,0.918570596,0.058052622,0.379142405,0.919639559,0.324929214,0.270702144,0.94361088,0.942836222,0.289984744,0.837778987,0.231932399
0.352994851,0.200203024,0.924462665,0.239155887,0.445462608,0.99109175,0.155386426,0.344937751,0.989370203,0.977913339,0.052896754,0.622754491,0.125194574
0.724124909,0.668351584,0.382422912,0.1202704,0.117266124,0.941086362,0.078198753,0.701225143,0.979531866,0.975806448,0.279111669,0.409635275,0.155436958
0.54413326,0.443300561,0.666070639,0.365630731,0.418565326,0.828823006,0.392090476,0.560044822,0.823158672,0.850912026,0.168995282,0.484757757,0.276851234
0.418800524,0.32693932,0.738775923,0.222281426,0.311984745,0.973506346,0.047997708,0.400446113,0.978293555,0.967225384,0.214598368,0.811921611,0.066044029
0.408704089,0.29812162,0.777908306,0.446364482,0.100716128,0.992631728,0.237454883,0.401967688,0.994360623,0.982617745,0.249170318,0.559063691,0.082499444
0.99165482,0.990475076,0.014275737,0.01675408,0.171955123,0.672519959,0.273173784,0.992834132,0.898646942,0.929773422,0.271656566,0.554436581,0.301534356
0.43341449,0.332042768,0.825952774,0.075386901,0.480478602,0.953039976,0.317804401,0.476143359,0.922939081,0.959578717,0.538945623,0.524768645,0.163219924
0.352423175,0.249471928,0.85141864,0.131705051,0.663978235,0.838824582,0.307872719,0.342841851,0.916592447,0.878601391,0.137994475,0.535655961,0.228152101
0.382843888,0.307453538,0.822086738,0.06906425,0.322902818,0.809306629,0.478781352,0.438108166,0.798247078,0.936420667,0.320951321,0.266467066,0.009117189
0.794219073,0.739165359,0.379817949,0.110883375,0.326365665,0.60746555,0.528345448,0.802856407,0.81948472,0.828689566,0.266656331,0.477953185,0.185901712
0.62350196,0.499530769,0.604380445,0.562508137,0.080604249,0.936082862,0.421082409,0.607494986,0.975462189,0.959635418,0.269695578,0.411812738,0.238825884
0.693335462,0.558389582,0.565065109,0.066567967,0.068086811,0.910893505,0.48465387,0.687756679,0.988277253,0.972212559,0.128599252,0.622482308,0.130976206
0.571648312,0.480775322,0.641177505,0.020021263,0.615867361,0.904152769,0.427996014,0.567769137,0.937800694,0.962773876,0.360123016,0.39793141,0.14698688
0.948796932,0.927492302,0.115899629,0.004083383,0.374574819,0.667779717,0.558462114,0.947685925,0.9284241,0.933017971,0.296681706,0.400381056,0.168556816
0.543511539,0.432393015,0.644932502,0.412018553,0.272791547,0.972333385,0.300384252,0.533440516,0.97003167,0.973492957,0.271681979,0.268916712,0.115410274
0.757550451,0.713803436,0.380068818,0.022602602,0.59803913,0.898573901,0.319299689,0.75404155,0.958489399,0.926882579,0.246065713,0.562057703,0.399822104
0.492451851,0.416241268,0.656700421,0.007984251,0.694264478,0.35508574,0.694878942,0.510928748,0.766851981,0.672170711,0.403961881,0.601524224,0.86724483
0.982278967,0.978174458,0.026111199,0.03186292,0.352214619,0.817601821,0.271109071,0.981693246,0.88416534,0.923350369,0.261270001,0.328524769,0.158105404
0.586051353,0.447422299,0.685251713,0.347956061,0.368317071,0.958492593,0.239854078,0.57820966,0.946201224,0.963320627,0.416494631,0.534022863,0.209028241
0.382661824,0.31734602,0.862623585,0.048872561,0.368353189,0.98507691,0.304343562,0.463492184,0.954722643,0.976017968,0.338686513,0.409907458,0.188125417
0.816362458,0.757931369,0.288103248,0.295385896,0.257739151,0.927932749,0.498107285,0.803150965,0.948670701,0.945346878,0.272375932,0.538649973,0.174783189
0.331232481,0.216384011,0.889516949,0.082652879,0.642966236,0.934757487,0.330223838,0.331013361,0.946642513,0.964807418,0.231568738,0.373434948,0.155881699
0.743726455,0.681396323,0.380518818,0.145250913,0.277643823,0.903396139,0.311354616,0.736591304,0.941783123,0.963766023,0.274930321,0.290691345,0.202801868
0.269011295,0.200749191,0.86162547,0.018242134,0.660455887,0.730931544,0.631475192,0.282635293,0.808585918,0.804030261,0.293836058,0.447196516,0.353569046
0.52053121,0.408773711,0.766643577,0.050613426,0.440108147,0.970704056,0.330098473,0.555996235,0.954524884,0.970554274,0.037270281,0.469515514,0.230375806
0.695942083,0.549608222,0.606290869,0.191916939,0.437011072,0.95334678,0.392249823,0.69355817,0.889298989,0.966200458,0.236845355,0.391126837,0.116966867
0.867357365,0.829320384,0.249234967,0.051391162,0.15146819,0.804498806,0.56368888,0.872069187,0.926317903,0.924955785,0.144723875,0.602340773,0.25572604
0.383228895,0.301241079,0.77071015,0.011339463,0.585204551,0.610463974,0.625279693,0.413873638,0.803625041,0.711678693,0.29066816,0.614861187,0.23682455
0.406553703,0.318377538,0.773035714,0.123923107,0.43795947,0.978472528,0.262187214,0.434861516,0.98181521,0.98509239,0.336627245,0.248502994,0.280853903
0.539424455,0.453660662,0.632704693,0.173740476,0.163544166,0.637306177,0.422430479,0.529127655,0.822760904,0.711526841,0.269711625,0.762928688,0.238603513
0.687155712,0.619765153,0.462179706,0.302992432,0.243032132,0.918768713,0.335041572,0.67757258,0.935024296,0.944123782,0.271656566,0.422155689,0.16611074
0.225506203,0.137968929,0.934432298,0.121406168,0.347841718,0.981933492,0.247784514,0.230111972,0.974006207,0.976184764,0.254810716,0.639902014,0.214142762
0.219611371,0.089045792,0.960138087,0.298118567,0.49113558,0.982247945,0.173352056,0.175050213,0.985389264,0.961177867,0.078285537,0.615405553,0.346897932
0.826152793,0.768498929,0.322801501,0.668433861,0.11257267,0.967001215,0.596685501,0.827264712,0.988603289,0.974826944,0.263855657,0.333424061,0.253279964
0.3271543,0.260933812,0.848137423,0.010669157,0.296853135,0.334356894,0.936592382,0.365199541,0.659063055,0.583027032,0.495019704,0.333968427,0.16611074
0.427331145,0.266971053,0.861586963,0.091281744,0.599166171,0.968927101,0.320536405,0.412416553,0.964057198,0.967424924,0.292203933,0.427599347,0.082499444
0.48996896,0.379024332,0.704285658,0.19709504,0.256549804,0.886775361,0.374224491,0.478016344,0.94883118,0.936761647,0.271656566,0.586554164,0.205692684
0.454654001,0.392315221,0.680291074,0.082263216,0.344134827,0.842010029,0.41938114,0.445074918,0.936472932,0.923741448,0.326472503,0.513609145,0.10406938
0.969158666,0.962546141,0.067921631,0.022422173,0.340510603,0.817796027,0.253237021,0.972830413,0.89402965,0.938766794,0.253325701,0.519052803,0.140760507
0.289187895,0.150625932,0.923671505,0.051893545,0.612755106,0.885658978,0.420643368,0.27815861,0.917120756,0.947895166,0.271336174,0.501633097,0.331331999
0.873453604,0.83937252,0.222593966,0.04478643,0.216549441,0.763421758,0.565283081,0.877097832,0.915259619,0.909558182,0.244034819,0.601796407,0.267956415
0.855974812,0.802593405,0.257717185,0.821994156,0.259554141,0.984429492,0.445997925,0.8443142,0.970451641,0.982324054,0.272545013,0.436581383,0.117411608
0.393024448,0.355191563,0.766769033,0.013164616,0.326262568,0.937004882,0.531011058,0.455590027,0.921853605,0.948127431,0.027455628,0.443930321,0.241271959
0.763889852,0.724445265,0.351598058,0.117233791,0.203284876,0.814257989,0.382968181,0.765188675,0.904488382,0.952481463,0.271521921,0.448285248,0.148098732
0.284915062,0.1828695,0.900912058,0.103239455,0.3544969,0.958889801,0.280012421,0.292654029,0.957350817,0.950725884,0.251415816,0.662765378,0.195686013
0.132433553,0.083470445,0.941223048,0.118377432,0.504907549,0.824158989,0.35085581,0.137224196,0.89500561,0.903630676,0.089803115,0.572945019,0.354013787
0.258586345,0.230452487,0.83225594,0.075518669,0.613704583,0.946080106,0.422581252,0.288741365,0.974361737,0.987914135,0.041375456,0.577572128,0.12786302
0.851319122,0.759906241,0.323277107,0.076899279,0.101304938,0.927214845,0.38121547,0.836905542,0.987900071,0.992347459,0.191419545,0.573217202,0.097843006
0.64882702,0.514879026,0.655189182,0.187910322,0.609793724,0.969137336,0.385868315,0.670267949,0.929371376,0.971844351,0.25884702,0.534295046,0.145430287
0.533415104,0.468533406,0.657174334,0.000830642,0.631853981,0.652247398,0.519078339,0.572748082,0.868004272,0.677973268,0.309998079,0.545454545,0.361352012
0.732415745,0.664210279,0.418636074,0.054840761,0.659694046,0.908079372,0.263103981,0.727930953,0.952916842,0.946659502,0.261654375,0.52340773,0.079386258
0.342545647,0.238372153,0.86505632,0.053282588,0.501068205,0.705590509,0.349226373,0.372522957,0.922659846,0.848400758,0.243884265,0.720195972,0.43139871
0.334629378,0.199542732,0.917681497,0.111156165,0.410831384,0.978542952,0.25304432,0.335534347,0.971014579,0.970871582,0.183950323,0.677463255,0.295530354
0.828171159,0.769853868,0.318481597,0.00732665,0.304454267,0.581017019,0.778128385,0.826070289,0.832899598,0.762870538,0.429611413,0.389765923,0.482988659
0.880804645,0.838840861,0.212885666,0.319703475,0.293222436,0.940517194,0.534656798,0.874115246,0.93994798,0.951883784,0.270433815,0.428960261,0.143428953
0.085199672,0.050192245,0.950937108,0.793687351,0.225102675,0.970732436,0.475343997,0.098632696,0.97919319,0.973968078,0.706654516,0.504899292,0.211251946
0.278176225,0.200855645,0.929785388,0.037921706,0.25365749,0.891827409,0.455552465,0.324084604,0.918595129,0.834887456,0.288375485,0.652966794,0.14209473
0.427367681,0.293271216,0.846584644,0.096950782,0.436193475,0.959142109,0.297784514,0.434295674,0.946885538,0.982139878,0.637090635,0.574305934,0.099844341
0.358220375,0.253479374,0.847228368,0.013516452,0.573682563,0.852789214,0.453342834,0.369952134,0.908110333,0.927889674,0.321362831,0.48693522,0.370469202
0.443445223,0.394652314,0.719830993,0.002478822,0.38110913,0.505047904,0.642650386,0.491729594,0.811684787,0.720958646,0.273808536,0.606967882,0.169223927
0.294538683,0.182324112,0.899814686,0.101503131,0.549142315,0.958277721,0.264071773,0.291896956,0.957420133,0.960125871,0.231026234,0.654327708,0.288859239
0.523373011,0.472655477,0.640116398,0.018871282,0.485018849,0.087985347,0.933938587,0.540660114,0.38485954,0.550597482,0.235356345,0.649700599,0.213920391
0.77602676,0.722785363,0.38834962,0.00134239,0.754445356,0.511728976,0.672801034,0.790533156,0.863978448,0.745272782,0.273469067,0.603157322,0.454080498
0.518384202,0.49081167,0.510657515,0.079157406,0.201405529,0.878347269,0.204792744,0.484540208,0.947266699,0.909011622,0.27076316,0.598802395,0.18478986
0.975760264,0.964096198,0.065413481,0.006043321,0.231033174,0.583300306,0.520165328,0.97738813,0.900020036,0.823182301,0.27179796,0.658682635,0.201690016
0.410423722,0.284822614,0.841072285,0.802040253,0.295183118,0.985398529,0.194204123,0.419933725,0.964244189,0.99296249,0.782084075,0.310016331,0.098732488
0.277065724,0.174142952,0.920167949,0.170895406,0.902898059,0.846424377,0.366814233,0.289497736,0.896666477,0.861540391,0.015157318,0.607512248,0.183455637
0.845141522,0.80985317,0.27231333,0.421994312,0.251836026,0.90542845,0.494224825,0.846538031,0.925545593,0.898217396,0.271656566,0.452912357,0.066711141
0.302773027,0.263243,0.846199746,0.016910689,0.230536493,0.947340149,0.58262272,0.38813625,0.902729144,0.943176236,0.172546866,0.546543277,0.12341561
0.32567568,0.252792399,0.908190745,0.95847932,0.318005358,0.978346304,0.309983333,0.362023971,0.97100069,0.987413343,1,0.417800762,0.229041583
0.862214124,0.841877048,0.237916609,0.00966431,0.544149959,0.757075698,0.459145717,0.872777401,0.917875267,0.926461708,0.319768034,0.447196516,0.184567489
0.655618052,0.529407893,0.604690307,0.580771809,0.335615087,0.978549581,0.205238686,0.659119003,0.96822728,0.980307556,0.090248372,0.496733805,0.33666889
0.200479262,0.123910515,0.938286641,0.171029895,0.673412919,0.857487984,0.346269673,0.206710994,0.866470664,0.920583964,0.058338113,0.399020142,0.299310652
0.585953719,0.50184785,0.615137589,0.002087882,0.641867976,0.434608633,0.99394074,0.600407873,0.790882475,0.636770601,0.411713822,0.557702776,0.423171003
0.944884237,0.93594635,0.10786585,0.014698883,0.48337214,0.811376223,0.337006537,0.951760693,0.880715506,0.949837304,0.386299074,0.321720196,0.158994885
1,1,0,0.010294535,0.284239217,0.67562476,0.305859239,1,0.929451853,0.940028226,0.27156049,0.623843223,0.178118746
0.928201554,0.904026647,0.157729386,0.057278876,0.297772323,0.708635646,0.320408216,0.933122159,0.864493935,0.921550428,0.283283719,0.435764834,0.12341561
0.66065844,0.592729652,0.472792359,0.645153454,0.259558745,0.976090448,0.218780453,0.639966885,0.974172118,0.974079594,0.273950274,0.547904192,0.141872359
0.325633004,0.266324324,0.844637911,0.093798719,0.280696722,0.966311761,0.350081765,0.413809848,0.912772546,0.984460022,0.320133124,0.366358193,0.063153213
0.206776294,0.163138569,0.8594651,0.06509656,0.510289423,0.697676924,0.552532716,0.214162833,0.856744721,0.80771937,0.135483614,0.470876429,0.32243718
0.570529522,0.480347506,0.60506804,0.480587534,0.111233568,0.955625607,0.50930109,0.570746184,0.972872785,0.966824542,0.271670822,0.511703865,0.029797643
0.433614054,0.33042567,0.747210622,0.006241785,0.677575086,0.509566761,0.64790486,0.459297721,0.829504414,0.778646436,0.360135,0.580293958,0.480987325
0.923068137,0.905456964,0.158755503,0.014960343,0.380652989,0.79708463,0.338601156,0.932567814,0.916001161,0.954601154,0.28799235,0.609417529,0.241049589
0.297633163,0.209197681,0.895307036,0.096941149,0.153976022,0.813823565,0.450263487,0.340711253,0.849974158,0.885281462,0.263483818,0.482308111,0.118078719
0.241270889,0.177802018,0.894344791,0.086425152,0.276986377,0.973314351,0.26032022,0.315828866,0.927312735,0.977101304,0.527033064,0.391126837,0.234378475
0.970976546,0.967348294,0.059124848,0.03054047,0.340641905,0.751220193,0.259231663,0.977929929,0.844378251,0.946528635,0.272059122,0.325258574,0.160106738
0.618598196,0.471511446,0.687968681,0.171911725,0.802196355,0.937710368,0.374114914,0.633379301,0.901255684,0.977457168,0.234071472,0.370985302,0.226150767
0.762432723,0.70636623,0.392950418,0.018586178,0.517739825,0.797371377,0.435808926,0.764800745,0.897795856,0.872400666,0.248260865,0.557702776,0.293306649
0.544650286,0.479706114,0.610979319,0.536544826,0.234703624,0.985769174,0.303733464,0.527275069,0.971634235,0.958133641,0.271656566,0.567773544,0.12319324
0.389758035,0.284402024,0.840919311,0.146049695,0.125308537,0.973759486,0.270989665,0.407026967,0.956979548,0.908329372,0.570022395,0.630919978,0.168334445
0.219384788,0.126744857,0.871409423,0.01474014,0.759366773,0.767581908,0.577380688,0.222825568,0.888653046,0.765708471,0.283698465,0.549265106,0.304202802
0.728382083,0.646953969,0.433590742,0.592904537,0.333038617,0.949728976,0.421830105,0.712417903,0.978447389,0.941804424,0.26853612,0.576211214,0.268401156
0,0,0.99599321,0.029183864,0.628378109,0.637711642,0.635775572,0,0.85698431,0.854902086,0.083617183,0.57866086,0.342895264
0.704049627,0.598952561,0.505091307,0.196500784,0.433689742,0.911234972,0.251618458,0.693583967,0.913463417,0.846924429,0.207114752,0.551714752,0.228596842
0.973843523,0.965859607,0.055201331,0.023624956,0.329819883,0.697295801,0.290019699,0.974362644,0.867111423,0.599930966,0.271656566,0.505443658,0.291527685
0.44371356,0.308354977,0.813511987,0.099754946,0.655884488,0.947991045,0.282095328,0.439440895,0.971185389,0.902313817,0.155967068,0.547087643,0.391149655
0.522010752,0.475143218,0.663807759,0.041101556,0.209103211,0.163643419,0.751539308,0.5408824,0.013673786,0.178866841,0.040518415,0.533478498,0.37914165
0.327412813,0.184155841,0.917137207,0.26433667,0.316718887,0.980101489,0.215429776,0.324087547,0.987384679,0.938741448,0.012665465,0.632553076,0.155881699
0.135758914,0.057954927,0.938252353,0.067511679,0.56809377,0.935059898,0.232617074,0.131174344,0.95309729,0.818289519,0.22802225,0.906641263,0.121191906
0.094629869,0.045104195,0.946457151,0.918651141,0.327051171,0.990419549,0.297445013,0.102680931,0.990380682,0.955689365,0.663628752,0.552531301,0.323993774
0.52068902,0.453203494,0.62541361,0.039668115,0.662704353,0.745487055,0.441656978,0.51468425,0.925956435,0.866350374,0.262104246,0.715024496,0.164331777
0.819940806,0.769479639,0.328846106,0.495456221,0.335320106,0.758729821,0.278325582,0.823588142,0.86291397,0.675332125,0.272825183,0.564779532,0.186124083
0.876282817,0.850088171,0.228412538,0.015343116,0.69076069,0.701928346,0.331366034,0.887678554,0.879951887,0.807750394,0.439674487,0.715024496,0.266622193
0.790924107,0.731203723,0.317376839,0.121625931,0.370268471,0.717776795,0.368025019,0.787060926,0.891296639,0.632179203,0.268889157,0.581927055,0.190126751
0.498692698,0.391339069,0.724133797,0.056072361,0.569182967,0.945913314,0.308451449,0.494422811,0.967061809,0.919069919,0.267165501,0.547632009,0.331109629
0.142824116,0.064493641,0.960299853,0.160996293,0.433389653,0.912826951,0.255725091,0.144928674,0.964362639,0.56487099,0.156633885,0.570767556,0.542583945
0.511923834,0.349113298,0.797574062,0.272082409,0.404701771,0.956912689,0.259056006,0.510841895,0.946213524,0.891581242,0.207354151,0.487751769,0.197020236
0.823624462,0.792851349,0.289755439,0.078762285,0.589472913,0.635480379,0.399420642,0.827915163,0.876205346,0.748772335,0.25460596,0.508709853,0.238381143
0.275190431,0.202725341,0.88326073,0.567877727,0.244850649,0.83280655,0.273798102,0.312497045,0.912566818,0.830942646,0.785602049,0.564507349,0.221703358
0.114010359,0.113748703,0.995699657,0.018511694,0.325822759,0.653109332,0.961497024,0.189762659,0.814347767,0.532733319,0.408983397,0.684540011,0.373360018
0.942207921,0.925452613,0.104156536,0.095048617,0.301533172,0.834705663,0.122899946,0.943058388,0.955285214,0.877247585,0.269243089,0.518236255,0.139203914
0.766609458,0.713676581,0.356500892,0.307761785,0.340385202,0.980078573,0,0.753188862,0.999876782,0.967325716,0.219910179,0.552531301,0.188347787
0.271119312,0.154261206,0.920039943,0.15349488,0.466574325,0.922778377,0.251947817,0.268381016,0.919443232,0.908627103,0.269734972,0.533478498,0.103179898
0.892083424,0.859930289,0.177801591,0.674531279,0.289401942,0.992356282,0.536370404,0.891011216,0.993860606,0.952870356,0.270902006,0.362547632,0.166333111
0.210684998,0.167252191,0.850214448,0.212741598,0.189059358,0.756437351,0.42978438,0.235807261,0.87281341,0.815988726,0.107107996,0.618399565,0.131198577
0.604798455,0.440036013,0.722790786,0.175799743,0.423803452,0.906070279,0.374668968,0.614594224,0.897292342,0.828542124,0.246911734,0.569951007,0.292194797
0.479604186,0.421364395,0.627156641,0.080994465,0.556708119,0.886152698,0.173865647,0.461275643,0.946436012,0.913251988,0.275412837,0.584104518,0.127640649
0.306845067,0.185346179,0.907498667,0.021045649,0.770612275,0.861603438,0.502178577,0.298589058,0.916243391,0.852928966,0.226872021,0.70876429,0.472092506
0.821867679,0.796128126,0.245996478,0.029808902,0.387434651,0.668049483,0.595369112,0.827259105,0.920972519,0.786628046,0.385184727,0.579477409,0.255058928
0.354504481,0.232715812,0.862218906,0.062278804,0.459984762,0.944735031,0.382551098,0.358822044,0.94169119,0.894946366,0.394095093,0.605606968,0.271291972
0.450780298,0.382187929,0.708553516,0.036866668,0.571061989,0.846041088,0.390706333,0.463561092,0.912682244,0.874143701,0.269660315,0.473598258,0.34133867
0.205902815,0.108661597,0.942608435,0.141905185,0.575236603,0.807760598,0.311964295,0.207707246,0.920111545,0.707248951,0.164843961,0.578933043,0.373804759
0.770153726,0.704274175,0.382494564,0.000977459,0.355747254,0.834356459,0.373573929,0.768380928,0.949245607,0.881763453,0.595031694,0.601252041,0.244829887
0.631602443,0.530950946,0.578361982,0.991521719,0.650147632,0.992538069,0.151181927,0.616060421,0.989704865,0.939330188,0.188355229,0.492378879,0.253279964
0.969399679,0.96046576,0.064916143,0.014245074,0.592094349,0.81081101,0.207320756,0.971794695,0.910214265,0.801722186,0.537843191,0.456450735,0.280631532
0.535783168,0.374140795,0.731215376,0.514256566,0.279267796,0.99579406,0.07265507,0.522536004,0.987376853,0.958260734,0.272418564,0.470876429,0.202134757
0.775796186,0.728626594,0.370986922,0,0.657694012,0.746555228,0.43066727,0.790495372,0.925177143,0.828194985,0.315079376,0.624659771,0.121414276
0.537773596,0.455666776,0.712284512,0.027843787,0.17195606,0.45851084,0.80167492,0.566436128,0.526948921,0.686211288,0.151744328,0.63200871,0.256170781
0.386342103,0.295184161,0.857406626,0.574505299,0.345612246,0.926268667,0.232321592,0.43102498,0.963389567,0.903906948,0.709527436,0.577027763,0.240604848
0.294054509,0.192595492,0.938033265,0.472207856,0.327787975,0.967100839,0.18811611,0.329069648,0.984561573,0.933409885,0.712901606,0.632553076,0.391594396
0.391904123,0.326284253,0.728785982,0.074187258,0.169206703,0.373175809,0.731474565,0.38067628,0.605292539,0.536692319,0.025004616,0.639902014,0.237269291
0.283218456,0.186442959,0.921780951,0.709228403,0.121573264,0.976585669,0.342953919,0.283653696,0.981408365,0.948611961,0.760030893,0.637996734,0.512341561
0.619888305,0.503502082,0.599301823,0.596459913,0.327106858,0.797196443,0.45885494,0.600318566,0.911860957,0.772196149,0.270419421,0.637724551,0.098954859
0.471747787,0.340925523,0.771873899,0.089037514,0.535230772,0.915699971,0.333972464,0.476537388,0.952248257,0.905971806,0.671481934,0.591997823,0.363353347
0.662644262,0.596966126,0.482876063,0.248463146,0.341904781,0.979840319,0.027583323,0.650557211,0.996993876,0.965876263,0.248981058,0.239793141,0.18501223
0.590898624,0.491219141,0.605192354,0.374558782,0.857108101,0.88238144,0.341776069,0.600540221,0.899069902,0.787248957,0.080766715,0.502449646,0.356459862
0.763762438,0.702294523,0.414345798,0.030859727,0.648874685,0.657731433,0.48287136,0.767376545,0.927971905,0.824455196,0.218988191,0.696243876,0.432510563
0.602936363,0.522217838,0.543078359,0.109980059,0.399713444,0.815696857,0.376264006,0.577439759,0.947919793,0.907696842,0.23841095,0.552803484,0.103179898
0.173227329,0.12270289,0.937634213,0.08786827,0.633713147,0.776337192,0.375983162,0.185905795,0.900266775,0.737793828,0.181753104,0.53837779,0.290415833
0.240132449,0.185609006,0.875793726,0.067228951,0.160365757,0.95423712,0.267100828,0.288472744,0.948291058,0.914636771,0.244832768,0.559063691,0.187013565
0.613735266,0.579996213,0.465309706,0.092059419,0.448749549,0.926695988,0.124354352,0.601244649,0.976466352,0.92776073,0.265761273,0.531301034,0.116299755
0.546218864,0.398583046,0.738297746,0.323478731,0.547269048,0.98097616,0.138452997,0.534602903,0.94916673,0.909683647,0.510227643,0.447468699,0.126528797
0.293029361,0.174706852,0.886179203,0.089633669,0.817846267,0.956423719,0.238987394,0.286051654,0.977803874,0.924669919,0.168655399,0.617583016,0.413831443
0.383355081,0.245127609,0.858439116,0.469280015,0.271192611,0.955465373,0.190549182,0.385561642,0.971624231,0.919377455,0.493821885,0.57866086,0.065376918
0.446889401,0.293878364,0.865260726,0.364206595,0.318985843,0.978197773,0.131215469,0.45511279,0.98633157,0.950112002,0.775006527,0.623843223,0.226150767
0.279307603,0.234946285,0.788311541,0.154124307,0.216871581,0.767299088,0.415171831,0.287435555,0.877365257,0.784007665,0.029972068,0.630647795,0.262397154
0.368743879,0.294737221,0.781029865,0.018445386,0.4093031,0.818424971,0.59863405,0.37326622,0.884351506,0.64769588,0.377057779,0.586554164,0.200800534
0.412358578,0.358808104,0.793490961,0.011630817,0.240358283,0.277080112,0.930069092,0.458568898,0.646650409,0.182905767,0.509707867,0.692433315,0.29864354
0.101450988,0.084384336,0.946760815,1,0.247582665,0.895952402,0.338152496,0.139674729,0.950592509,0.853367242,0.812270747,0.577027763,0.233044252
0.497244166,0.359254932,0.741525596,0.335987217,0.381245467,0.906881171,0.229179928,0.498385034,0.94719299,0.850114031,0.257055044,0.562602069,0.198132088
0.916789834,0.889861668,0.159310914,0.028693567,0.434458849,0.772526495,0.285769298,0.915979965,0.911929336,0.830386979,0.243302298,0.578388677,0.201467645
0.874910119,0.841956986,0.180198017,0.103704672,0.278861874,0.703733973,0.358461487,0.873739093,0.882511561,0.593947937,0.271620752,0.653783342,0.226595508
0.435829836,0.33534256,0.76473623,0.011613256,0.505542259,0.795503049,0.517739679,0.438679547,0.913764117,0.707963967,0.279037838,0.706859009,0.361796753
0.881535051,0.84527112,0.244141705,0.063771297,0.784144949,0.716497463,0.416552837,0.888441795,0.919494669,0.856212409,0.095966044,0.601524224,0.422059151
0.891228059,0.870185548,0.147834813,0.096728379,0.257796706,0.767914892,0.318190639,0.889546211,0.890857127,0.585367693,0.271656566,0.514425694,0.338892595
0.526560519,0.37702878,0.739619041,0.479082956,0.373935792,0.886251048,0.329145737,0.512407423,0.957460061,0.907509028,0.271605256,0.584376701,0.170113409
0.301042035,0.175782786,0.932931828,0.080350501,0.57747579,0.92184727,0.346226595,0.295101056,0.950515527,0.867482747,0.215686612,0.55715841,0.162108072
0.6311284,0.570020569,0.559404348,0.172270822,0.542496488,0.927486369,0.109580261,0.624074877,0.974407439,0.931489147,0.271488243,0.443658138,0.153880365
0.85960259,0.79921968,0.264363116,0.09848843,0.29906455,0.952938418,0.137352416,0.855759527,0.989992846,0.971481766,0.525012433,0.468698966,0.122081388
0.395087332,0.283189729,0.814223583,0.278394496,0.33657003,0.970313025,0.210652925,0.400398024,0.983192574,0.932872529,0.171296015,0.671203048,0.126973538
0.810600566,0.75643023,0.346723972,0.014141339,0.616441926,0.945697005,0.360371036,0.807084238,0.913896385,0.909569849,0.169383788,0.4681546,0.136980209
0.571610241,0.454881852,0.650715204,0.013647812,0.573863723,0.785935825,0.418975977,0.587137019,0.921482221,0.903327922,0.275055048,0.398203593,0.293306649
0.88749313,0.863679466,0.158389155,0.071794308,0.4873348,0.722105352,0.329260229,0.886180392,0.91458748,0.621698329,0.271277426,0.582471421,0.230375806
0.474586518,0.338687712,0.784341324,0.012126862,0.616951809,0.821567591,0.428581645,0.500342978,0.925664851,0.899054562,0.258307547,0.439847578,0.215032244
0.819584967,0.770484364,0.283130037,0.097850031,0.29909081,0.946958877,0.090708111,0.815049484,0.985894745,0.964210505,0.497328357,0.236526946,0.178341116
0.356273545,0.252924257,0.839757759,0.010560592,0.443892668,0.573032016,0.555093872,0.36802251,0.865372136,0.500294589,0.282600097,0.630647795,0.23237714
0.25130285,0.269578199,0.724601688,0.128449691,0.259945817,0.909102336,0.364503599,0.304128728,0.981740699,0.954884605,0.114673431,0.451823625,0.111629976
0.963723753,0.952240963,0.069882645,0.021946961,0.564698119,0.782333546,0.213815187,0.966815996,0.879849068,0.853367206,0.398132636,0.46624932,0.212586169
0.581565754,0.523104157,0.67825449,0.031175667,0.29085612,0.961317189,0.26362029,0.640695848,0.946578448,0.888291396,0.021293663,0.608056614,0.214587503
0.529794387,0.44566456,0.712384913,0.037944374,0.283196931,0.948138569,0.238922359,0.584613444,0.964479249,0.869957129,0.02707394,0.608056614,0.214587503
0.411701857,0.300922107,0.822685009,0.079620716,0.652489701,0.857543318,0.330781239,0.424890308,0.900545864,0.768699216,0.386896744,0.47849755,0.183455637
0.564767937,0.522677007,0.607808526,0.019512382,0.419103989,0.792035521,0.437380542,0.629312699,0.83674394,0.779143275,0.043053726,0.482852477,0.239715366
0.61145501,0.47332333,0.669195408,0.503987646,0.521136844,0.96670663,0.197021761,0.610117611,0.965177716,0.913693467,0.215945364,0.596624932,0.265732711
0.724685839,0.62232049,0.478865668,0.001596396,0.321422306,0.715724059,0.804942786,0.711825563,0.960130077,0.844668297,0.243234459,0.568862275,0.243273293
0.908816766,0.897322666,0.126016709,0.065552274,0.249900704,0.750950589,0.312009151,0.91823436,0.885027415,0.475697681,0.271597474,0.585465433,0.200578163
0.292244304,0.213392185,0.894229796,0.165646423,0.529559457,0.876667172,0.237534975,0.340110151,0.922351,0.905444976,0.48520271,0.484213391,0.124305092
0.567743599,0.484190073,0.554794539,0.549915978,0.274613875,0.924946177,0.272830101,0.538935321,0.96756357,0.906052982,0.271655257,0.660315732,0.15654881
0.326266698,0.231372714,0.867620666,0.175674044,0.263953442,0.968813931,0.272587526,0.341269594,0.968377107,0.927386238,0.1604571,0.799673381,0.305092284
0.675465523,0.633337436,0.512612908,0.001586862,0.617019726,0.121706954,0.761956767,0.71515472,0.407317986,0.266035634,0.28675245,0.490745781,0.301756727
0.254836372,0.134387188,0.961175237,0.274924044,0.18674157,0.961465659,0.261373332,0.257290882,0.969691771,0.816380899,0,0.611322809,0.204580832
0.759492062,0.687712734,0.378526149,0.156860761,0.325403313,0.751952311,0.33597256,0.756288865,0.927391511,0.787230861,0.266109902,0.627653783,0.173004225
0.955454101,0.945877634,0.084422831,0.02311389,0.508063403,0.76404215,0.261195583,0.958284102,0.892128846,0.834388886,0.270437878,0.519052803,0.152323771
0.227129125,0.163731875,0.917417045,0.144838032,0.17191095,0.99312076,0.319961543,0.272402894,0.985834156,0.943657942,0.640489737,0.472509526,0.242161441
0.613991938,0.543253566,0.603901125,0.002613795,0.531627842,0.657539657,0.43439122,0.635421785,0.890031207,0.648680572,0.306690302,0.660860098,0.399377363
0.911583653,0.893471538,0.14018969,0.045651558,0.626234971,0.781417031,0.265392763,0.908045282,0.925340535,0.905704774,0.271511591,0.599074578,0.206137425
0.291442975,0.194679542,0.897108795,0.146273416,0.475550997,0.951005909,0.236548885,0.315191103,0.945155053,0.901473431,0.299018459,0.611050626,0.281521014
0.353386919,0.236337078,0.864722238,0.09893024,0.194003294,0.958371307,0.24747293,0.378124945,0.958348541,0.893660206,0.655832458,0.620032662,0.21325328
0.589652113,0.414920351,0.73287849,0.314037987,0.584129025,0.950977892,0.211680942,0.574694389,0.974187624,0.916383309,0.295012045,0.516058792,0.205470314
0.827153686,0.759240612,0.327533514,0.733764231,0.344140728,0.98207608,0.323694485,0.81546307,0.977743057,0.915212126,0.272123999,0.473870441,0.292194797
0.698123785,0.588994149,0.551081038,0.32412402,0.598425698,0.914868634,0.395757755,0.694500375,0.934239275,0.822078212,0.232075221,0.545726728,0.271291972
0.867801934,0.83302509,0.243409076,0.026972549,0.553157569,0.618737247,0.497557518,0.872166975,0.879789903,0.683986961,0.228475634,0.540827436,0.265955081
0.876641112,0.856916671,0.169930106,0.067724937,0.2870598,0.756636585,0.293506405,0.874778316,0.891737816,0.507437928,0.272394046,0.575394665,0.147876362
0.429576094,0.3498642,0.708707018,0.471802848,0.245623963,0.919571727,0.268328133,0.405592595,0.966975981,0.867430901,0.271648921,0.666303756,0.159884367
0.305713075,0.259199642,0.81568194,0.051108688,0.266229898,0.542619185,0.623487982,0.340055754,0.672275558,0.32808994,0.538485559,0.604246053,0.493662442
0.566492482,0.487179564,0.620463785,0.186894368,0.493730903,0.953964646,0.040213341,0.532184686,0.983741124,0.92045067,0.267321014,0.553620033,0.119857683
0.323009496,0.206633893,0.871992749,0.098809867,0.464512487,0.951036782,0.383682314,0.306178012,0.963442764,0.915887761,0.247583235,0.738976592,0.256170781
0.285661741,0.186046773,0.895593028,0.13995561,0.221659251,0.892804236,0.37089755,0.288495456,0.936581877,0.843490265,0.196562275,0.606151334,0.345118968
0.756111437,0.654889256,0.459923596,0.596472253,0.250034345,0.954098467,0.417033283,0.754438733,0.989207122,0.87573557,0.221993139,0.507621121,0.080275739
0.415868766,0.335386253,0.741270199,0.19760408,0.626482252,0.960662779,0.052997896,0.399123128,0.97882805,0.939634293,0.239396782,0.578116494,0.147876362
0.364271788,0.248942827,0.844771104,0.101069492,0.768411077,0.915115459,0.359236369,0.380116116,0.949248816,0.913286803,0.15439858,0.537561241,0.107404937
0.500213995,0.416822512,0.761255356,0.052496913,0.608945045,0.88681474,0.294126959,0.547024433,0.90637759,0.826256494,0.442026392,0.574850299,0.289526351
0.275233721,0.218449216,0.856914206,0.079572404,0.124177902,0.833859836,0.343596953,0.304438706,0.931371396,0.805134819,0.378340724,0.577844311,0.21814543
0.590637041,0.467834647,0.646282591,0.165787751,0.52106274,0.927046319,0.243660733,0.588581135,0.959154591,0.904298772,0.272269043,0.592542188,0.221480987
0.256506882,0.203886716,0.864468687,0.09248317,0.281226679,0.951284944,0.336541462,0.29705164,0.950741493,0.903241327,0.523509649,0.482308111,0.356682233
0.570336404,0.440546213,0.689277625,0.19490012,0.562718948,0.940637482,0.282681273,0.586781055,0.92042023,0.882832589,0.155812933,0.563146434,0.247943073
0.839714285,0.80587463,0.268159302,0.108668104,0.64183963,0.69113594,0.406456895,0.842013961,0.881750214,0.829216132,0.253528805,0.618671747,0.277073605
0.837739516,0.811028887,0.228244771,0.089650418,0.197874224,0.663887917,0.362990849,0.839389652,0.857556467,0.585987306,0.271656566,0.480675014,0.205470314
0.898177207,0.854680751,0.199641587,0.095401479,0.301942331,0.909696326,0.181586861,0.891703587,0.973977509,0.927817707,0.223255698,0.433859554,0.102512786
0.161141694,0.12395899,0.931401116,0.058052622,0.312836806,0.903452445,0.32207404,0.222743692,0.94243129,0.898634321,0.289984744,0.811105063,0.255058928
0.328559235,0.180160959,0.925180854,0.239155887,0.240537104,0.986320485,0.198895237,0.322496854,0.989323864,0.932031411,0.052896754,0.575666848,0.16099622
0.735357942,0.678897576,0.38807853,0.1202704,0.314239976,0.929627064,0.067412307,0.71458243,0.978917978,0.93089834,0.279111669,0.354382145,0.165443629
0.601275679,0.469200146,0.65544959,0.365630731,1,0.758781874,0.427778219,0.59607903,0.819856076,0.555878519,0.168995282,0.528579205,0.203468979
0.433797039,0.368716707,0.720025376,0.222281426,0.603134156,0.96649587,0.050595773,0.408755897,0.977758455,0.948770631,0.214598368,0.825258574,0.031798977
0.404112874,0.2926276,0.792866315,0.446364482,0.382163071,0.982067145,0.199936637,0.395351994,0.994139438,0.950464379,0.249170318,0.578116494,0.159661997
0.985271515,0.982433946,0.03094064,0.01675408,0.389628151,0.631604678,0.254713489,0.987951364,0.896949558,0.754742363,0.271656566,0.443113772,0.224371803
0.442413627,0.33967765,0.829776434,0.075386901,0.50113195,0.930788267,0.313945885,0.488472009,0.922265646,0.870862302,0.538945623,0.579749592,0.186346453
0.316333598,0.223199337,0.86150819,0.131705051,0.614295765,0.802613851,0.34445569,0.312734962,0.915721278,0.674227735,0.137994475,0.589003811,0.293306649
0.269916705,0.215929456,0.866308074,0.06906425,0.09883869,0.78033918,0.452005847,0.330126464,0.796059387,0.831254568,0.320951321,0.665215024,0.140760507
0.761654114,0.708142759,0.412214572,0.110883375,0.373334249,0.502632304,0.503055403,0.76495882,0.815662651,0.511580044,0.266656331,0.454273272,0.165221259
0.604570337,0.484724177,0.598493607,0.562508137,0.351230033,0.910572504,0.353141873,0.58352424,0.975006158,0.880773427,0.269695578,0.57675558,0.230820547
0.669652665,0.531218999,0.583900539,0.066567967,0.36177017,0.88185497,0.426774355,0.665824633,0.987912766,0.9539266,0.128599252,0.644801306,0.218590171
0.569927758,0.444954459,0.681378248,0.020021263,0.527309337,0.865911892,0.496053132,0.564895275,0.936063882,0.905950875,0.360123016,0.434676102,0.168334445
0.939355682,0.914788993,0.140754674,0.004083383,0.406763179,0.600917602,0.501098281,0.939595902,0.92647427,0.645506879,0.296681706,0.561241154,0.192350456
0.570053023,0.465015482,0.628264387,0.412018553,0.264514121,0.957248453,0.226869294,0.555208249,0.969396034,0.942869782,0.271681979,0.585465433,0.09962197
0.699465167,0.652512028,0.439650117,0.022602602,0.567833685,0.872539972,0.264696718,0.703490123,0.957207371,0.85533218,0.246065713,0.594175286,0.471203024
0.521346048,0.464063678,0.641595855,0.007984251,0.652413005,0.2709991,0.728078093,0.551141437,0.763659354,0.335611478,0.403961881,0.61513337,0.539248388
0.969533234,0.963512286,0.053759579,0.03186292,0.483831663,0.778840735,0.296182471,0.971299233,0.881295092,0.713657232,0.261270001,0.543549265,0.176339782
0.53357629,0.388711911,0.737845943,0.347956061,0.480454357,0.929497623,0.233878361,0.524559141,0.945320688,0.858329678,0.416494631,0.594991835,0.302201468
0.408349785,0.309385162,0.857320028,0.048872561,0.076080155,0.976855187,0.272123287,0.454662683,0.953381542,0.92759467,0.338686513,0.452367991,0.264620858
0.786117055,0.740575887,0.315879491,0.295385896,0.281030626,0.894032817,0.414281203,0.778070407,0.947465709,0.899048206,0.272375932,0.588187262,0.180787191
0.294447498,0.18572541,0.901780496,0.082652879,0.706159509,0.916129975,0.347294449,0.306477336,0.945339184,0.892649429,0.231568738,0.540827436,0.266177452
0.704866614,0.646307463,0.417607628,0.145250913,0.432189013,0.884621768,0.24617076,0.69849772,0.940778709,0.934935098,0.274930321,0.571311922,0.215476985
0.287129309,0.192646801,0.87075805,0.018242134,0.636859504,0.673403862,0.622099657,0.293948903,0.806266655,0.618509784,0.293836058,0.525040827,0.38848121
0.521946584,0.441095549,0.73039872,0.050613426,0.264156906,0.954620923,0.277115633,0.568195621,0.955099585,0.919850582,0.037270281,0.575394665,0.288192128
0.626953815,0.468235335,0.684834681,0.191916939,0.474604185,0.902867003,0.368936976,0.629616018,0.887572079,0.872757453,0.236845355,0.474959173,0.197464977
0.84540986,0.805861956,0.276713964,0.051391162,0.358332,0.764792224,0.418829595,0.843207191,0.925684002,0.853194592,0.144723875,0.491290147,0.187903046
0.430408432,0.330641802,0.76459152,0.011339463,0.460371257,0.535469349,0.600554264,0.441552146,0.799200348,0.549856512,0.29066816,0.619488296,0.270402491
0.395063385,0.310372875,0.785987999,0.123923107,0.187552407,0.968962721,0.24757226,0.423623402,0.982326511,0.93157045,0.336627245,0.544637997,0.281743384
0.52171294,0.429376729,0.643437748,0.173740476,0.495032412,0.598134782,0.374869929,0.500707705,0.818155968,0.538601577,0.269711625,0.78742515,0.264620858
0.653662625,0.58825292,0.50614204,0.302992432,0.199719035,0.894664238,0.248643878,0.641172593,0.934306685,0.889717764,0.271656566,0.51034295,0.144540805
0.178356754,0.102895801,0.958157858,0.121406168,0.200584154,0.973828132,0.250151505,0.193470493,0.973247867,0.938222001,0.254810716,0.654327708,0.280186791
0.213046615,0.074784144,0.964586393,0.298118567,0.404163973,0.974710077,0.199584694,0.165132981,0.985157483,0.896182853,0.078285537,0.556341862,0.429619746
0.783986319,0.704062602,0.39609866,0.668433861,0.281814049,0.956929693,0.417703293,0.777764914,0.988290085,0.939012991,0.263855657,0.586281981,0.454525239
0.312924727,0.267406429,0.837871073,0.010669157,0.273762102,0.267960299,1,0.363215168,0.666467658,0.264158193,0.495019704,0.65732172,0.250833889
0.42910942,0.277743516,0.867395776,0.091281744,0.607439207,0.95897879,0.295432579,0.427770549,0.962868882,0.926684709,0.292203933,0.420250408,0.32710696
0.524511143,0.401727188,0.697573812,0.19709504,0.194914998,0.865121545,0.323594945,0.507932492,0.947991586,0.851431731,0.271656566,0.642623843,0.185456971
0.462278905,0.399855935,0.673685782,0.082263216,0.567791884,0.806770691,0.365256523,0.451482137,0.935375205,0.896005734,0.326472503,0.551714752,0.188792528
0.956154113,0.943465273,0.091482585,0.022422173,0.537008277,0.785100375,0.234203956,0.960419573,0.8911091,0.859534733,0.253325701,0.679640719,0.153435624
0.281638518,0.1439831,0.912336971,0.051893545,0.747493397,0.864439436,0.423557931,0.263836758,0.913605624,0.875378326,0.271336174,0.528034839,0.470980654
0.840770135,0.80586329,0.269616912,0.04478643,0.447060752,0.693174446,0.512272638,0.846139026,0.913229661,0.718803143,0.244034819,0.61050626,0.217478319
0.806033607,0.740723422,0.335454914,0.821994156,0.340864723,0.970611918,0.320552821,0.787857956,0.969849881,0.857169573,0.272545013,0.482308111,0.046697799
0.316962073,0.269734517,0.844454341,0.013164616,0.084369021,0.92148691,0.463008728,0.389127876,0.923364453,0.900762572,0.027455628,0.47468699,0.237936402
0.745099767,0.704608713,0.390688241,0.117233791,0.430605834,0.784434946,0.281758859,0.74936207,0.902456494,0.886208527,0.271521921,0.550081655,0.188347787
0.259948298,0.16695134,0.910390062,0.103239455,0.480125489,0.943970758,0.301259614,0.27607652,0.955923749,0.91267038,0.251415816,0.749319543,0.344451857
0.136596471,0.09095857,0.929304222,0.118377432,0.358961889,0.773243104,0.36048009,0.137126338,0.896081762,0.786269288,0.089803115,0.598802395,0.22259284
0.168227467,0.171752882,0.837627017,0.075518669,0.249043967,0.848912868,0.506184625,0.225432001,0.973526771,0.949927558,0.041375456,0.452640174,0.33666889
0.831448317,0.738961013,0.336489734,0.076899279,0.286569271,0.91332491,0.322032739,0.817730924,0.987480842,0.960087992,0.191419545,0.497278171,0.222148099
0.655389934,0.493068492,0.662973652,0.187910322,0.449077335,0.945462711,0.342898294,0.655162947,0.92778907,0.86653987,0.25884702,0.491834513,0.371358684
0.602870353,0.515617143,0.623611192,0.000830642,0.581724221,0.569649696,0.542597584,0.628811769,0.867719999,0.510970187,0.309998079,0.588459445,0.329553035
0.654161844,0.577826889,0.511784427,0.054840761,0.538707938,0.885898864,0.326955868,0.654444289,0.951785093,0.908124268,0.261654375,0.547087643,0.084278408
0.293096292,0.207689871,0.873843653,0.053282588,0.552711285,0.630746052,0.480264616,0.332307816,0.919603453,0.718244208,0.243884265,0.689711486,0.303758061
0.245368105,0.131646904,0.932733137,0.111156165,0.454912327,0.969752329,0.257277887,0.254477376,0.970286173,0.939808373,0.183950323,0.771910724,0.341783411
0.804034276,0.747892131,0.34675382,0.00732665,0.366917356,0.508083375,0.714153015,0.806184303,0.831860835,0.543234741,0.429611413,0.454545455,0.408494552
0.879537562,0.84926667,0.202020231,0.319703475,0.322288828,0.904324961,0.429865517,0.876899381,0.938632385,0.889317072,0.270433815,0.481491562,0.154102735
0.106345849,0.065031747,0.95571387,0.793687351,0.142631957,0.959679753,0.349798098,0.118353738,0.978387045,0.915794131,0.706654516,0.503538378,0.383144318
0.267960664,0.199264729,0.920448754,0.037921706,0.194002683,0.875401156,0.465289668,0.311483829,0.917615294,0.714497353,0.288375485,0.716657594,0.308872582
0.432157539,0.285625883,0.842439122,0.096950782,0.502156538,0.933212175,0.288356385,0.443056198,0.945970639,0.878686833,0.637090635,0.57675558,0.226817879
0.360498175,0.250751931,0.837298562,0.013516452,0.683193302,0.819232567,0.496829687,0.380257226,0.903090158,0.795189906,0.321362831,0.510070768,0.305314654
0.465919886,0.413108134,0.725843244,0.002478822,0.576943457,0.364115719,0.745255771,0.518443185,0.812720582,0.505739181,0.273808536,0.504899292,0.262397154
0.24493029,0.152855849,0.902576492,0.101503131,0.464406439,0.945430141,0.319151948,0.248515288,0.956074994,0.826355754,0.231026234,0.733805117,0.270402491
0.507837671,0.474063003,0.622613781,0.018871282,0.233413734,0.033393309,0.987648211,0.529721256,0.37290511,0.162313373,0.235356345,0.602340773,0.26995775
0.713975972,0.64436639,0.492224302,0.00134239,0.597710119,0.407279755,0.701528747,0.733015047,0.867576566,0.600989914,0.273469067,0.622754491,0.294418501
0.506361507,0.489232039,0.516991101,0.079157406,0.568991301,0.845983322,0.189575535,0.461835246,0.946083102,0.857942456,0.27076316,0.612683723,0.199688681
0.943470705,0.9212267,0.145053709,0.006043321,0.323002248,0.506441867,0.533954375,0.949505984,0.898231765,0.630573529,0.27179796,0.723462167,0.25572604
0.310547145,0.208522046,0.890949987,0.802040253,0.26144302,0.96784054,0.181162354,0.329131475,0.96337648,0.913506236,0.782084075,0.580021775,0.127418279
0.239165636,0.16233052,0.895461241,0.170895406,0.170677572,0.822989869,0.388354085,0.256123308,0.897034739,0.64626032,0.015157318,0.666303756,0.265065599
0.805608995,0.760131156,0.321333517,0.421994312,0.312197129,0.872001628,0.39316084,0.801900253,0.926211467,0.806130036,0.271656566,0.455906369,0.087391594
0.281197019,0.234700246,0.862598705,0.016910689,0.196871363,0.927461019,0.536650411,0.362061545,0.901195905,0.875108279,0.172546866,0.63010343,0.215921726
0.308586192,0.222506748,0.934360294,0.95847932,0.177097705,0.963474545,0.266512478,0.340592434,0.970225161,0.935861995,1,0.473326075,0.211919057
0.871937834,0.848890217,0.224124393,0.00966431,0.828443242,0.728672137,0.288899356,0.881462146,0.916283727,0.853122607,0.319768034,0.576483397,0.196797865
0.671003565,0.565212635,0.546674184,0.580771809,0.714070369,0.965349582,0.208008436,0.675118612,0.967535078,0.914719041,0.090248372,0.553892216,0.370246831
0.194539912,0.112212654,0.941432289,0.171029895,0.395511922,0.816389055,0.360451755,0.187814459,0.866337838,0.741565915,0.058338113,0.419706042,0.235045586
0.595200317,0.536148785,0.570761696,0.002087882,0.64098656,0.338832516,0.983478948,0.608358678,0.789932021,0.381383722,0.411713822,0.56831791,0.417167
0.913357629,0.893582494,0.161653997,0.014698883,0.568037724,0.766888607,0.393059523,0.920465762,0.877857007,0.690122923,0.386299074,0.494284159,0.194574161
0.999275119,0.998064819,0.00245318,0.010294535,0.363923595,0.641087904,0.227647521,0.998493951,0.927755794,0.543084067,0.27156049,0.582471421,0.200578163
0.92683469,0.90696544,0.151976752,0.057278876,0.527905844,0.677260336,0.298724388,0.932492597,0.862144037,0.764972836,0.283283719,0.514153511,0.153880365
0.674854548,0.599213386,0.469084881,0.645153454,0.480138008,0.963253329,0.178293064,0.648306813,0.973355891,0.903703069,0.273950274,0.555525313,0.117856349
0.231448624,0.174846214,0.904926761,0.093798719,0.161976708,0.951830195,0.312022116,0.317262958,0.910501856,0.90762082,0.320133124,0.632825259,0.09006004
0.170787421,0.153540211,0.856802552,0.06509656,0.561928329,0.61700046,0.539933229,0.179330478,0.860170554,0.680677421,0.135483614,0.575666848,0.223037581
0.585287481,0.511566671,0.565588036,0.480587534,0.266582939,0.939304104,0.344176833,0.581574077,0.972314772,0.928058821,0.271670822,0.616494284,0.13764732
0.467133545,0.364926616,0.72946663,0.006241785,0.580325152,0.434053304,0.676033141,0.48496585,0.827073287,0.483486586,0.360135,0.58709853,0.488547921
0.939354147,0.91954523,0.133231118,0.014960343,0.744114368,0.763964407,0.301388116,0.943636568,0.914983241,0.89583187,0.28799235,0.484485574,0.285078942
0.191214243,0.149314298,0.864078865,0.096941149,0.248282344,0.791643713,0.442448275,0.238181665,0.847629054,0.769762609,0.263483818,0.551170386,0.095841672
0.173979227,0.130027694,0.914205106,0.086425152,0.175993113,0.963360037,0.265945772,0.24702778,0.926259337,0.923891263,0.527033064,0.469787697,0.259951078
0.959208373,0.95046221,0.083435992,0.03054047,0.660539632,0.733866715,0.199282103,0.965839337,0.843573222,0.823321669,0.272059122,0.537833424,0.313097621
0.653809075,0.496439549,0.675219,0.171911725,0.515319623,0.899577109,0.336763962,0.651755488,0.89905547,0.850470206,0.234071472,0.501088732,0.324216144
0.684776595,0.616661147,0.48611587,0.018586178,0.504047143,0.752251935,0.495493013,0.692488735,0.893677263,0.736890673,0.248260865,0.571311922,0.336001779
0.528341864,0.449055073,0.636056946,0.536544826,0.282726689,0.973666149,0.208859331,0.506509266,0.971255454,0.918182199,0.271656566,0.495645073,0.223704692
0.389758035,0.284402024,0.840919311,0.146049695,0.272356271,0.971965243,0.24021104,0.407026967,0.956407464,0.735370596,0.570022395,0.626837235,0.123860351
0.219384788,0.126744857,0.871409423,0.01474014,0.385379145,0.747977184,0.598857387,0.222825568,0.886191256,0.670835601,0.283698465,0.614316821,0.324438515
0.728382083,0.646953969,0.433590742,0.592904537,0.2255482,0.946656253,0.467535372,0.712417903,0.978086175,0.928912905,0.26853612,0.634730539,0.283967089
0,0,0.99599321,0.029183864,0.765574519,0.614667985,0.607959712,0,0.861769893,0.822750345,0.083617183,0.603701688,0.368912608
0.704049627,0.598952561,0.505091307,0.196500784,0.605913226,0.888159831,0.281211183,0.693583967,0.910609622,0.81800569,0.207114752,0.643168209,0.213920391
0.973843523,0.965859607,0.055201331,0.023624956,0.300673774,0.688324397,0.306511161,0.974362644,0.863798708,0.491146975,0.271656566,0.621393576,0.318434512
0.44371356,0.308354977,0.813511987,0.099754946,0.502157257,0.943757838,0.248852891,0.439440895,0.970841465,0.871130763,0.155967068,0.636091453,0.384700912
0.522010752,0.475143218,0.663807759,0.041101556,0.321014658,0.146441271,0.730026537,0.5408824,0,0,0.040518415,0.646434404,0.471647765
0.327412813,0.184155841,0.917137207,0.26433667,0.348265051,0.97947577,0.18481604,0.324087547,0.987035046,0.926588909,0.012665465,0.618671747,0.204580832
0.135758914,0.057954927,0.938252353,0.067511679,0.345976438,0.930098962,0.217702665,0.131174344,0.952510164,0.809466202,0.22802225,0.982308111,0.229931065
0.094629869,0.045104195,0.946457151,0.918651141,0.294899792,0.98784466,0.313662741,0.102680931,0.989973729,0.926300292,0.663628752,0.608328797,0.525239048
0.52068902,0.453203494,0.62541361,0.039668115,0.402014432,0.73311585,0.423838462,0.51468425,0.9248433,0.820653454,0.262104246,0.731083288,0.188125417
0.819940806,0.769479639,0.328846106,0.495456221,0.306771514,0.74650443,0.286478622,0.823588142,0.861747383,0.614274645,0.272825183,0.607240065,0.231932399
0.876282817,0.850088171,0.228412538,0.015343116,0.296827739,0.697114087,0.367190225,0.887678554,0.878106367,0.79681012,0.439674487,0.716657594,0.282410496
0.790924107,0.731203723,0.317376839,0.121625931,0.266065571,0.709905938,0.353774451,0.787060926,0.889022813,0.607808402,0.268889157,0.633641807,0.183010896
0.498692698,0.391339069,0.724133797,0.056072361,0.497783063,0.941773234,0.270838788,0.494422811,0.966257412,0.896619267,0.267165501,0.612139358,0.359573049
0.142824116,0.064493641,0.960299853,0.160996293,0.23662596,0.906449138,0.254015144,0.144928674,0.963976645,0.552059476,0.156633885,0.567229178,0.550811652
0.511923834,0.349113298,0.797574062,0.272082409,0.431414151,0.945920155,0.259102325,0.510841895,0.945771204,0.875148927,0.207354151,0.566684812,0.223259951
0.823624462,0.792851349,0.289755439,0.078762285,0.358009966,0.624068262,0.371274169,0.827915163,0.873707918,0.654366434,0.25460596,0.614044638,0.268178786
0.275190431,0.202725341,0.88326073,0.567877727,0.149596865,0.819344958,0.30684512,0.312497045,0.909777046,0.806697935,0.785602049,0.609145346,0.245052257
0.114010359,0.113748703,0.995699657,0.018511694,0.326027302,0.605957127,0.910225072,0.189762659,0.809184306,0.47214788,0.408983397,0.720468155,0.385145653
0.942207921,0.925452613,0.104156536,0.095048617,0.280650388,0.827042555,0.12498693,0.943058388,0.954582074,0.842042786,0.269243089,0.624659771,0.2085835
0.766609458,0.713676581,0.356500892,0.307761785,0.301943987,0.980076888,0.050473231,0.753188862,0.999774037,0.960592179,0.219910179,0.62547632,0.315098955
0.271119312,0.154261206,0.920039943,0.15349488,0.089522503,0.918052762,0.28521148,0.268381016,0.918281029,0.854224414,0.269734972,0.805933587,0.225261285
0.892083424,0.859930289,0.177801591,0.674531279,0.190043297,0.989838555,0.542523871,0.891011216,0.993883653,0.922462312,0.270902006,0.435492651,0.215254614
0.210684998,0.167252191,0.850214448,0.212741598,0.491409841,0.738166636,0.387508626,0.235807261,0.871079795,0.78417009,0.107107996,0.627653783,0.267511674
0.604798455,0.440036013,0.722790786,0.175799743,0.572069239,0.880516322,0.381756977,0.614594224,0.894509177,0.784113905,0.246911734,0.587370713,0.298865911
0.479604186,0.421364395,0.627156641,0.080994465,0.479822739,0.870920396,0.203260338,0.461275643,0.945608885,0.883994917,0.275412837,0.597985846,0.156104069
0.306845067,0.185346179,0.907498667,0.021045649,0.481782629,0.853811789,0.455736174,0.298589058,0.914542147,0.826966128,0.226872021,0.6385411,0.444073827
0.821867679,0.796128126,0.245996478,0.029808902,0.433162016,0.661696092,0.539413992,0.827259105,0.919332385,0.654770202,0.385184727,0.623843223,0.253724705
0.354504481,0.232715812,0.862218906,0.062278804,0.240811293,0.940270698,0.448917298,0.358822044,0.940619429,0.840853807,0.394095093,0.578933043,0.321547698
0.450780298,0.382187929,0.708553516,0.036866668,0.54901274,0.843253579,0.331537196,0.463561092,0.911362545,0.835180429,0.269660315,0.675557975,0.406493218
0.205902815,0.108661597,0.942608435,0.141905185,0.289985642,0.79145077,0.342147565,0.207707246,0.918834781,0.674830936,0.164843961,0.612955906,0.372470536
0.770153726,0.704274175,0.382494564,0.000977459,0.5413906,0.81732198,0.422399112,0.768380928,0.947265466,0.852518049,0.595031694,0.612955906,0.259728708
0.631602443,0.530950946,0.578361982,0.991521719,0.401310294,0.99168599,0.130607777,0.616060421,0.989624699,0.927971992,0.188355229,0.542460533,0.257949744
0.969399679,0.96046576,0.064916143,0.014245074,0.401838308,0.808347842,0.286479772,0.971794695,0.908762785,0.770407719,0.537843191,0.638268917,0.403824772
0.535783168,0.374140795,0.731215376,0.514256566,0.192803696,0.99502767,0.090358468,0.522536004,0.987054873,0.948026153,0.272418564,0.658410452,0.217478319
0.775796186,0.728626594,0.370986922,0,0.546802909,0.739499291,0.449832498,0.790495372,0.924232724,0.772811341,0.315079376,0.640990746,0.157438292
0.537773596,0.455666776,0.712284512,0.027843787,0.379551133,0.407074769,0.773899419,0.566436128,0.520830266,0.586803541,0.151744328,0.626565052,0.371136313
0.386342103,0.295184161,0.857406626,0.574505299,0.313371151,0.916639047,0.293230057,0.43102498,0.962336361,0.887577377,0.709527436,0.613772455,0.342895264
0.294054509,0.192595492,0.938033265,0.472207856,0.332305843,0.961012901,0.223899942,0.329069648,0.984389008,0.919859101,0.712901606,0.6385411,0.148988214
0.391904123,0.326284253,0.728785982,0.074187258,0.360190588,0.330686545,0.65113038,0.38067628,0.598004956,0.456792979,0.025004616,0.613500272,0.211029575
0.283218456,0.186442959,0.921780951,0.709228403,0.196636602,0.969645743,0.297292149,0.283653696,0.981093989,0.921232961,0.760030893,0.622754491,0.430064487
0.619888305,0.503502082,0.599301823,0.596459913,0.156254851,0.786544333,0.469659684,0.600318566,0.908499133,0.723966718,0.270419421,0.638268917,0.310429175
0.471747787,0.340925523,0.771873899,0.089037514,0.446070556,0.900596758,0.318791745,0.476537388,0.951405408,0.877114177,0.671481934,0.509254219,0.352457194
0.662644262,0.596966126,0.482876063,0.248463146,0.18294525,0.979971834,0.043835241,0.650557211,0.996908715,0.958596495,0.248981058,0.373434948,0.246164109
0.590898624,0.491219141,0.605192354,0.374558782,0.429563043,0.874416243,0.348128511,0.600540221,0.896908484,0.722376158,0.080766715,0.615405553,0.360684901
0.763762438,0.702294523,0.414345798,0.030859727,0.348627087,0.641612308,0.412933969,0.767376545,0.927139914,0.788932492,0.218988191,0.715841045,0.286635535
0.602936363,0.522217838,0.543078359,0.109980059,0.462040053,0.812003939,0.291660532,0.577439759,0.946524914,0.877230655,0.23841095,0.541916168,0.280409162
0.173227329,0.12270289,0.937634213,0.08786827,0.400086126,0.76387568,0.375429212,0.185905795,0.899190512,0.688764502,0.181753104,0.435220468,0.293306649
0.240132449,0.185609006,0.875793726,0.067228951,0.428194984,0.949289273,0.276444787,0.288472744,0.947722839,0.894902173,0.244832768,0.547632009,0.22281521
0.613735266,0.579996213,0.465309706,0.092059419,0.391553074,0.918506214,0.111403758,0.601244649,0.975586447,0.913636291,0.265761273,0.563146434,0.118078719
0.546218864,0.398583046,0.738297746,0.323478731,0.283115485,0.977346111,0.186378978,0.534602903,0.948337039,0.890446442,0.510227643,0.749591726,0.236157438
0.293029361,0.174706852,0.886179203,0.089633669,0.460805381,0.952592237,0.219558471,0.286051654,0.977466665,0.911116047,0.168655399,0.697332608,0.358683567
0.383355081,0.245127609,0.858439116,0.469280015,0.290991523,0.94950377,0.174744982,0.385561642,0.971007408,0.901826025,0.493821885,0.652150245,0.220813876
0.446889401,0.293878364,0.865260726,0.364206595,0.310526106,0.974826093,0.1976374,0.45511279,0.985989328,0.935808388,0.775006527,0.646706587,0.087169224
0.279307603,0.234946285,0.788311541,0.154124307,0.564093914,0.746316067,0.392800009,0.287435555,0.874148071,0.75994631,0.029972068,0.63200871,0.273293307
0.368743879,0.294737221,0.781029865,0.018445386,0.226427601,0.810758923,0.580992342,0.37326622,0.881864586,0.632578598,0.377057779,0.608056614,0.236602179
0.412358578,0.358808104,0.793490961,0.011630817,0.486620877,0.248794783,0.879936512,0.458568898,0.642027326,0.128537322,0.509707867,0.673108329,0.608850345
0.101450988,0.084384336,0.946760815,1,0.252492608,0.884753201,0.293323637,0.139674729,0.949864995,0.736764318,0.812270747,0.631736527,0.256170781
0.497244166,0.359254932,0.741525596,0.335987217,0.499280051,0.878337118,0.244408743,0.498385034,0.945359163,0.816841788,0.257055044,0.566956995,0.262619524
0.916789834,0.889861668,0.159310914,0.028693567,0.46617855,0.757194065,0.279146992,0.915979965,0.910207053,0.794492889,0.243302298,0.626837235,0.226150767
0.874910119,0.841956986,0.180198017,0.103704672,0.153399697,0.700596849,0.387312056,0.873739093,0.88072214,0.576705647,0.271620752,0.619488296,0.231932399
0.435829836,0.33534256,0.76473623,0.011613256,0.376062526,0.786154449,0.479421249,0.438679547,0.91267002,0.688154525,0.279037838,0.730811105,0.313764732
0.881535051,0.84527112,0.244141705,0.063771297,0.331205999,0.70959909,0.400237661,0.888441795,0.918417883,0.750790573,0.095966044,0.623298857,0.505892817
0.891228059,0.870185548,0.147834813,0.096728379,0.206264316,0.760809459,0.311313002,0.889546211,0.890165357,0.559596681,0.271656566,0.536744692,0.344451857
0.526560519,0.37702878,0.739619041,0.479082956,0.227350673,0.883607916,0.34690936,0.512407423,0.9570404,0.889205328,0.271605256,0.62547632,0.193907049
0.301042035,0.175782786,0.932931828,0.080350501,0.258564159,0.914922616,0.318661883,0.295101056,0.950021889,0.833258747,0.215686612,0.697060425,0.192795197
0.6311284,0.570020569,0.559404348,0.172270822,0.369779307,0.922548263,0.104894166,0.624074877,0.97347141,0.907928104,0.271488243,0.636363636,0.169891038
0.85960259,0.79921968,0.264363116,0.09848843,0.346613883,0.951505769,0.105988683,0.855759527,0.989774142,0.95849527,0.525012433,0.639902014,0.1325328
0.395087332,0.283189729,0.814223583,0.278394496,0.233145448,0.968464322,0.180869382,0.400398024,0.982455843,0.908663943,0.171296015,0.624659771,0.253279964
0.810600566,0.75643023,0.346723972,0.014141339,0.592575239,0.940714701,0.285072103,0.807084238,0.911658818,0.623695972,0.169383788,0.618399565,0.243273293
0.571610241,0.454881852,0.650715204,0.013647812,0.449325768,0.785624461,0.307947478,0.587137019,0.920551238,0.857997018,0.275055048,0.613228089,0.387146987
0.88749313,0.863679466,0.158389155,0.071794308,0.177988148,0.718473452,0.322141793,0.886180392,0.913097762,0.605156925,0.271277426,0.632553076,0.265955081
0.474586518,0.338687712,0.784341324,0.012126862,0.501131158,0.821455139,0.392696601,0.500342978,0.923310354,0.796565221,0.258307547,0.635819271,0.24149433
0.819584967,0.770484364,0.283130037,0.097850031,0.268271375,0.946103495,0.079904308,0.815049484,0.985494893,0.950926145,0.497328357,0.415078933,0.220591505
0.356273545,0.252924257,0.839757759,0.010560592,0.486588069,0.565972124,0.511340396,0.36802251,0.863793899,0.435829211,0.282600097,0.634186173,0.299533022
0.25130285,0.269578199,0.724601688,0.128449691,0.783236842,0.903330532,0.23520897,0.304128728,0.980859017,0.935366886,0.114673431,0.580293958,0.78674672
0.963723753,0.952240963,0.069882645,0.021946961,0.323340323,0.77594487,0.259166524,0.966815996,0.877408631,0.806139841,0.398132636,0.622210125,0.290193462
0.581565754,0.523104157,0.67825449,0.031175667,0.80461886,0.958953346,0.22466144,0.640695848,0.946000884,0.858854501,0.021293663,0.609417529,0.326439849
0.529794387,0.44566456,0.712384913,0.037944374,0.657707321,0.942166118,0.212708751,0.584613444,0.963947271,0.841132675,0.02707394,0.609417529,0.326439849
0.411701857,0.300922107,0.822685009,0.079620716,0.212114633,0.847827078,0.372426506,0.424890308,0.899211391,0.724679667,0.386896744,0.698149156,0.293529019
0.564767937,0.522677007,0.607808526,0.019512382,0.474714981,0.778240278,0.369132082,0.629312699,0.835284146,0.743772555,0.043053726,0.635547088,0.345563709
0.61145501,0.47332333,0.669195408,0.503987646,0.396846167,0.965356278,0.191523247,0.610117611,0.963132329,0.897222588,0.215945364,0.582471421,0.295085613
0.724685839,0.62232049,0.478865668,0.001596396,0.662115832,0.707547637,0.767732465,0.711825563,0.959685603,0.805461063,0.243234459,0.614861187,0.315098955
0.908816766,0.897322666,0.126016709,0.065552274,0.175602262,0.737424517,0.319449312,0.91823436,0.882607871,0.451524149,0.271597474,0.695971693,0.231487658
0.292244304,0.213392185,0.894229796,0.165646423,0.296105468,0.856780607,0.312506012,0.340110151,0.921317714,0.887602321,0.48520271,0.974414807,0.312208139
0.567743599,0.484190073,0.554794539,0.549915978,0.134643897,0.920422126,0.346519358,0.538935321,0.967168105,0.851023962,0.271655257,0.673652695,0.183233267
0.326266698,0.231372714,0.867620666,0.175674044,0.214216727,0.965941665,0.224092225,0.341269594,0.967934414,0.897456241,0.1604571,0.775721285,0.278185457
0.675465523,0.633337436,0.512612908,0.001586862,0.540514941,0.080598685,0.754488793,0.71515472,0.401072275,0.081458323,0.28675245,0.525040827,0.433622415
0.254836372,0.134387188,0.961175237,0.274924044,0.425801475,0.957778922,0.227028222,0.257290882,0.969420996,0.800145397,0,0.63200871,0.22726262
0.759492062,0.687712734,0.378526149,0.156860761,0.369145102,0.744948123,0.299731285,0.756288865,0.925845031,0.736922899,0.266109902,0.633641807,0.189237269
0.955454101,0.945877634,0.084422831,0.02311389,0.376158574,0.755752579,0.336524,0.958284102,0.89077086,0.760190128,0.270437878,0.61050626,0.240160107
0.227129125,0.163731875,0.917417045,0.144838032,0.253330855,0.99009468,0.237317284,0.272402894,0.985542148,0.934333015,0.640489737,0.564779532,0.33644652
0.613991938,0.543253566,0.603901125,0.002613795,0.576815538,0.651431947,0.488679888,0.635421785,0.888581908,0.606298346,0.306690302,0.623026674,0.432288192
0.911583653,0.893471538,0.14018969,0.045651558,0.439468833,0.78101958,0.263970456,0.908045282,0.923922401,0.855621969,0.271511591,0.632553076,0.403824772
0.291442975,0.194679542,0.897108795,0.146273416,0.168334173,0.949257736,0.273693857,0.315191103,0.944572031,0.887729288,0.299018459,0.64697877,0.367578386
0.353386919,0.236337078,0.864722238,0.09893024,0.67732205,0.954367474,0.262604715,0.378124945,0.957097838,0.878803756,0.655832458,0.70876429,0.287747387
0.589652113,0.414920351,0.73287849,0.314037987,0.414658568,0.94351642,0.185071999,0.574694389,0.9736788,0.877472394,0.295012045,0.645073489,0.209028241
0.827153686,0.759240612,0.327533514,0.733764231,0.155455382,0.977914321,0.308777044,0.81546307,0.976579119,0.864560935,0.272123999,0.544365814,0.293529019
0.698123785,0.588994149,0.551081038,0.32412402,0.526302232,0.909337287,0.343094445,0.694500375,0.933566634,0.781362484,0.232075221,0.599618944,0.289748721
0.867801934,0.83302509,0.243409076,0.026972549,0.303474644,0.596920455,0.473158623,0.872166975,0.877794789,0.596603932,0.228475634,0.607512248,0.27507227
0.876641112,0.856916671,0.169930106,0.067724937,0.2599515,0.744839225,0.304784275,0.874778316,0.890411776,0.4791776,0.272394046,0.599074578,0.161440961
0.429576094,0.3498642,0.708707018,0.471802848,0.122256754,0.915001316,0.274903074,0.405592595,0.966580941,0.837096619,0.271648921,0.706586826,0.277518346
0.305713075,0.259199642,0.81568194,0.051108688,0.462257618,0.512761984,0.599156633,0.340055754,0.666933261,0.22876486,0.538485559,0.587642896,0.631532133
0.566492482,0.487179564,0.620463785,0.186894368,0.371024843,0.952578965,0.062336418,0.532184686,0.983580795,0.912250043,0.267321014,0.57866086,0.167222593
0.323009496,0.206633893,0.871992749,0.098809867,0.217061376,0.947949627,0.397379036,0.306178012,0.962747516,0.886465838,0.247583235,0.689983669,0.328885924
0.285661741,0.186046773,0.895593028,0.13995561,0.440696668,0.88039658,0.307205741,0.288495456,0.93580126,0.796490845,0.196562275,0.72101252,0.360684901
0.756111437,0.654889256,0.459923596,0.596472253,0.304488729,0.951902969,0.383045449,0.754438733,0.988981524,0.820399207,0.221993139,0.609689711,0.114520792
0.415868766,0.335386253,0.741270199,0.19760408,0.597553709,0.956347479,0.095394206,0.399123128,0.978179074,0.931506407,0.239396782,0.605334785,0.173004225
0.364271788,0.248942827,0.844771104,0.101069492,0.417669954,0.910486637,0.360421328,0.380116116,0.948458199,0.902248885,0.15439858,0.649156233,0.100733823
0.500213995,0.416822512,0.761255356,0.052496913,0.30167059,0.877686158,0.378795781,0.547024433,0.905440168,0.801601407,0.442026392,0.579477409,0.35557038
0.275233721,0.218449216,0.856914206,0.079572404,0.295196355,0.818661134,0.315021999,0.304438706,0.930171805,0.765981101,0.378340724,0.704409363,0.268401156
0.590637041,0.467834647,0.646282591,0.165787751,0.300962998,0.925631876,0.207584452,0.588581135,0.957999266,0.86752664,0.272269043,0.637996734,0.282855237
0.256506882,0.203886716,0.864468687,0.09248317,0.255121742,0.947087018,0.321148594,0.29705164,0.949870051,0.880817896,0.523509649,0.558519325,0.323549033
0.570336404,0.440546213,0.689277625,0.19490012,0.408281389,0.931001582,0.351566179,0.586781055,0.918417277,0.865195495,0.155812933,0.624659771,0.24660885
0.839714285,0.80587463,0.268159302,0.108668104,0.353766069,0.673679346,0.366283495,0.842013961,0.880111682,0.764574835,0.253528805,0.677735438,0.261952413
0.837739516,0.811028887,0.228244771,0.089650418,0.199064575,0.656945957,0.365708947,0.839389652,0.855917448,0.516682483,0.271656566,0.628470332,0.245052257
0.898177207,0.854680751,0.199641587,0.095401479,0.24646257,0.902859573,0.120011,0.891703587,0.973543869,0.897195385,0.223255698,0.642896026,0.120302424
0.161141694,0.12395899,0.931401116,0.058052622,0.172139415,0.902279427,0.329042643,0.222743692,0.941555088,0.857206881,0.289984744,0.800489929,0.394929953
0.328559235,0.180160959,0.925180854,0.239155887,0.250595094,0.984827794,0.176743928,0.322496854,0.989165709,0.92480069,0.052896754,0.64697877,0.25105626
0.735357942,0.678897576,0.38807853,0.1202704,0.293268768,0.930152238,0.073880494,0.71458243,0.978453598,0.917523198,0.279111669,0.510070768,0.171225261
0.601275679,0.469200146,0.65544959,0.365630731,0.515073494,0.753309549,0.387622908,0.59607903,0.817699201,0.392799761,0.168995282,0.574305934,0.382032466
0.433797039,0.368716707,0.720025376,0.222281426,0.585686233,0.962486709,0.090552528,0.408755897,0.976688049,0.942751213,0.214598368,0.82580294,0.038914832
0.404112874,0.2926276,0.792866315,0.446364482,0.382940668,0.979880691,0.198444172,0.395351994,0.994025981,0.938895324,0.249170318,0.441752858,0.180787191
0.985271515,0.982433946,0.03094064,0.01675408,0.312485059,0.630967948,0.315647781,0.987951364,0.894996746,0.712529196,0.271656566,0.63200871,0.29375139
0.442413627,0.33967765,0.829776434,0.075386901,0.247582378,0.924022977,0.341218669,0.488472009,0.921007691,0.848190956,0.538945623,0.617583016,0.29842117
0.316333598,0.223199337,0.86150819,0.131705051,0.377034161,0.795063416,0.314745756,0.312734962,0.914184032,0.608118113,0.137994475,0.606151334,0.265065599
0.269916705,0.215929456,0.866308074,0.06906425,0.314515098,0.764295487,0.408186185,0.330126464,0.792297404,0.753234086,0.320951321,0.668481219,0.083166555
0.761654114,0.708142759,0.412214572,0.110883375,0.334502582,0.485285009,0.456387886,0.76495882,0.812576535,0.443588943,0.266656331,0.508165487,0.194796531
0.604570337,0.484724177,0.598493607,0.562508137,0.168603072,0.906670556,0.403733464,0.58352424,0.974710358,0.864553365,0.269695578,0.590636908,0.291527685
0.669652665,0.531218999,0.583900539,0.066567967,0.204473501,0.879473592,0.391769587,0.665824633,0.98769688,0.93798028,0.128599252,0.640174197,0.157215922
0.569927758,0.444954459,0.681378248,0.020021263,0.44383288,0.856427041,0.417660737,0.564895275,0.934938781,0.883952179,0.360123016,0.654055525,0.267734045
0.939355682,0.914788993,0.140754674,0.004083383,0.45944322,0.602037662,0.421153299,0.939595902,0.924791737,0.625139318,0.296681706,0.606151334,0.188570158
0.570053023,0.465015482,0.628264387,0.412018553,0.149544343,0.954074346,0.227187778,0.555208249,0.969036936,0.89256263,0.271681979,0.589820359,0.23704692
0.699465167,0.652512028,0.439650117,0.022602602,0.548229604,0.862790451,0.280753949,0.703490123,0.956643322,0.834880331,0.246065713,0.612683723,0.427840783
0.521346048,0.464063678,0.641595855,0.007984251,0.582780465,0.245934024,0.770349559,0.551141437,0.760622605,0.269405299,0.403961881,0.650517148,0.52145875
0.969533234,0.963512286,0.053759579,0.03186292,0.421109134,0.766230863,0.274294963,0.971299233,0.879172657,0.69615721,0.261270001,0.605879151,0.18968201
0.53357629,0.388711911,0.737845943,0.347956061,0.336275771,0.914943591,0.228869599,0.524559141,0.944177371,0.820506565,0.416494631,0.614044638,0.324438515
0.408349785,0.309385162,0.857320028,0.048872561,0.322540999,0.974965407,0.265990418,0.454662683,0.952530182,0.908846698,0.338686513,0.619760479,0.179675339
0.786117055,0.740575887,0.315879491,0.295385896,0.230265291,0.890054057,0.396635836,0.778070407,0.946198924,0.824452144,0.272375932,0.639902014,0.257505003
0.294447498,0.18572541,0.901780496,0.082652879,0.319410614,0.912935888,0.320979837,0.306477336,0.94420841,0.803864808,0.231568738,0.549809472,0.24660885
0.704866614,0.646307463,0.417607628,0.145250913,0.330271344,0.884120866,0.26686463,0.69849772,0.939816708,0.865957865,0.274930321,0.664398476,0.277518346
0.287129309,0.192646801,0.87075805,0.018242134,0.458413813,0.654451501,0.597468852,0.293948903,0.803156567,0.468895005,0.293836058,0.607512248,0.359128308
0.521946584,0.441095549,0.73039872,0.050613426,0.840244887,0.947144847,0.221942714,0.568195621,0.954397587,0.886763918,0.037270281,0.609417529,0.326439849
0.626953815,0.468235335,0.684834681,0.191916939,0.538341083,0.874412339,0.405281241,0.629616018,0.886011529,0.847686907,0.236845355,0.506804573,0.257282633
0.84540986,0.805861956,0.276713964,0.051391162,0.443922381,0.743187047,0.399528128,0.843207191,0.92463705,0.530527136,0.144723875,0.624115406,0.247498332
0.430408432,0.330641802,0.76459152,0.011339463,0.429407137,0.517453956,0.547517994,0.441552146,0.7950908,0.46496191,0.29066816,0.630375612,0.258616856
0.395063385,0.310372875,0.785987999,0.123923107,0.282110756,0.965212691,0.229848579,0.423623402,0.981829071,0.907855026,0.336627245,0.607512248,0.424727596
0.52171294,0.429376729,0.643437748,0.173740476,0.407973317,0.597099848,0.303221337,0.500707705,0.815535037,0.24109119,0.269711625,0.801034295,0.291305315
0.653662625,0.58825292,0.50614204,0.302992432,0.214685312,0.888410115,0.268458204,0.641172593,0.933497329,0.831435172,0.271656566,0.596352749,0.184345119
0.178356754,0.102895801,0.958157858,0.121406168,0.213049899,0.971896285,0.249084592,0.193470493,0.972632109,0.91564258,0.254810716,0.68726184,0.321770069
0.213046615,0.074784144,0.964586393,0.298118567,0.266104999,0.973291528,0.164866521,0.165132981,0.985011414,0.883795004,0.078285537,0.64235166,0.412052479
0.783986319,0.704062602,0.39609866,0.668433861,0.227942467,0.955115017,0.412885454,0.777764914,0.98800247,0.93158947,0.263855657,0.616766467,0.484989993
0.312924727,0.267406429,0.837871073,0.010669157,0.289829518,0.214217982,0.983462428,0.363215168,0.66010462,0.082547693,0.495019704,0.623843223,1
0.42910942,0.277743516,0.867395776,0.091281744,0.274299398,0.956010465,0.314322922,0.427770549,0.9616568,0.911144608,0.292203933,0.607240065,0.34578608
0.524511143,0.401727188,0.697573812,0.19709504,0.203026841,0.858386256,0.34939994,0.507932492,0.946261937,0.806109586,0.271656566,0.628470332,0.245052257
0.462278905,0.399855935,0.673685782,0.082263216,0.427152124,0.793052732,0.367162308,0.451482137,0.934477038,0.875705568,0.326472503,0.569134458,0.18501223
0.956154113,0.943465273,0.091482585,0.022422173,0.353046246,0.77788684,0.393101033,0.960419573,0.88934444,0.823729221,0.253325701,0.6385411,0.266622193
0.281638518,0.1439831,0.912336971,0.051893545,0.315036492,0.856993332,0.417141083,0.263836758,0.911742647,0.793740553,0.271336174,0.632280893,0.27018012
0.840770135,0.80586329,0.269616912,0.04478643,0.351884816,0.681832637,0.50113749,0.846139026,0.911490395,0.585366443,0.244034819,0.618127382,0.281743384
0.806033607,0.740723422,0.335454914,0.821994156,0.135898498,0.966994396,0.291728286,0.787857956,0.969434976,0.826664756,0.272545013,0.521230267,0.2417167
0.316962073,0.269734517,0.844454341,0.013164616,0.354134866,0.915921533,0.460613297,0.389127876,0.922286323,0.883406196,0.027455628,0.590636908,0.321325328
0.745099767,0.704608713,0.390688241,0.117233791,0.264752552,0.77814898,0.295242178,0.74936207,0.900440286,0.828707049,0.271521921,0.571584105,0.192128085
0.259948298,0.16695134,0.910390062,0.103239455,0.192687288,0.94009255,0.294922334,0.27607652,0.95471651,0.880512283,0.251415816,0.753402286,0.420502557
0.136596471,0.09095857,0.929304222,0.118377432,0.38721867,0.764798513,0.348282734,0.137126338,0.895061661,0.737973963,0.089803115,0.635819271,0.272626195
0.168227467,0.171752882,0.837627017,0.075518669,0.727484979,0.836126145,0.383553289,0.225432001,0.973234894,0.926177254,0.041375456,0.580293958,0.78674672
0.831448317,0.738961013,0.336489734,0.076899279,0.243775229,0.911816244,0.2775828,0.817730924,0.987248197,0.947173061,0.191419545,0.60860098,0.243273293
0.655389934,0.493068492,0.662973652,0.187910322,0.489029209,0.932644864,0.398229828,0.655162947,0.926254765,0.846392421,0.25884702,0.621393576,0.410051145
0.602870353,0.515617143,0.623611192,0.000830642,0.576242342,0.551675942,0.549024471,0.628811769,0.866238434,0.446880989,0.309998079,0.659771366,0.303980431
0.654161844,0.577826889,0.511784427,0.054840761,0.46342876,0.885371724,0.213688671,0.654444289,0.950852524,0.855057759,0.261654375,0.611594992,0.263731376
0.293096292,0.207689871,0.873843653,0.053282588,0.553575361,0.617629938,0.411306205,0.332307816,0.918045147,0.626923687,0.243884265,0.581927055,0.178341116
0.245368105,0.131646904,0.932733137,0.111156165,0.332107704,0.967413653,0.228390304,0.254477376,0.96950102,0.914356678,0.183950323,0.728089276,0.380031132
0.804034276,0.747892131,0.34675382,0.00732665,0.433342025,0.500406501,0.619699311,0.806184303,0.830128405,0.474275674,0.429611413,0.47659227,0.399377363
0.879537562,0.84926667,0.202020231,0.319703475,0.290196228,0.899484603,0.409377941,0.876899381,0.937675729,0.844440616,0.270433815,0.511431682,0.170113409
0.106345849,0.065031747,0.95571387,0.793687351,0.176019948,0.952903588,0.313811318,0.118353738,0.977894556,0.885220351,0.706654516,0.560696788,0.616410941
0.267960664,0.199264729,0.920448754,0.037921706,0.353470081,0.863005932,0.442790599,0.311483829,0.916230304,0.688283836,0.288375485,0.654872074,0.277963087
0.432157539,0.285625883,0.842439122,0.096950782,0.345070274,0.92200915,0.341421303,0.443056198,0.945028394,0.825565917,0.637090635,0.611594992,0.209028241
0.360498175,0.250751931,0.837298562,0.013516452,0.439000605,0.80439965,0.447849967,0.380257226,0.901057294,0.764665048,0.321362831,0.659771366,0.294196131
0.465919886,0.413108134,0.725843244,0.002478822,0.576214642,0.337654409,0.718349254,0.518443185,0.809493179,0.263038832,0.273808536,0.583015787,0.258394485
0.24493029,0.152855849,0.902576492,0.101503131,0.279389098,0.942777365,0.305437033,0.248515288,0.955117777,0.800900881,0.231026234,0.764289603,0.371581054
0.507837671,0.474063003,0.622613781,0.018871282,0.32414015,0,0.998255862,0.529721256,0.364351816,0.034271281,0.235356345,0.736526946,0.301756727
0.713975972,0.64436639,0.492224302,0.00134239,0.510387055,0.382708555,0.666757667,0.733015047,0.865178248,0.499343012,0.273469067,0.662221013,0.357794085
0.506361507,0.489232039,0.516991101,0.079157406,0.5936776,0.825836817,0.219857612,0.461835246,0.945570208,0.81432915,0.27076316,0.853565596,0.178341116
0.943470705,0.9212267,0.145053709,0.006043321,0.386556115,0.498002365,0.373340868,0.949505984,0.896750932,0.514043887,0.27179796,0.72101252,0.356015121
0.310547145,0.208522046,0.890949987,0.802040253,0.321383239,0.963290292,0.185780068,0.329131475,0.962574403,0.894941067,0.782084075,0.619216113,0.375361352
0.239165636,0.16233052,0.895461241,0.170895406,0.492367662,0.814315599,0.351561578,0.256123308,0.894617752,0.609086223,0.015157318,0.618127382,0.253724705
0.805608995,0.760131156,0.321333517,0.421994312,0.257972616,0.86064762,0.381726655,0.801900253,0.924336971,0.775262953,0.271656566,0.453728906,0.110073382
0.281197019,0.234700246,0.862598705,0.016910689,0.354034499,0.91765606,0.498455255,0.362061545,0.900054504,0.834072206,0.172546866,0.621121394,0.354680898
0.308586192,0.222506748,0.934360294,0.95847932,0.236028767,0.957965552,0.239894542,0.340592434,0.969471712,0.913938991,1,0.616222101,0.268845897
0.871937834,0.848890217,0.224124393,0.00966431,0.526197334,0.727628894,0.29166827,0.881462146,0.915059822,0.796035939,0.319768034,0.638813283,0.20369135
0.671003565,0.565212635,0.546674184,0.580771809,0.327531701,0.962490443,0.195946692,0.675118612,0.967094796,0.885906831,0.090248372,0.586281981,0.322659551
0.194539912,0.112212654,0.941432289,0.171029895,0.388891132,0.810010683,0.343699838,0.187814459,0.863984442,0.653888507,0.058338113,0.609145346,0.255058928
0.595200317,0.536148785,0.570761696,0.002087882,0.625677387,0.313401858,0.979634757,0.608358678,0.78495598,0.206389851,0.411713822,0.610778443,0.430064487
0.913357629,0.893582494,0.161653997,0.014698883,0.512123335,0.760231597,0.33557482,0.920465762,0.87597444,0.651145713,0.386299074,0.666575939,0.265065599
0.999275119,0.998064819,0.00245318,0.010294535,0.33183697,0.646078209,0.24272891,0.998493951,0.926436527,0.531917469,0.27156049,0.644801306,0.257060262
0.92683469,0.90696544,0.151976752,0.057278876,0.245006412,0.674794857,0.315826262,0.932492597,0.859309511,0.720359386,0.283283719,0.648067501,0.139648655
0.674854548,0.599213386,0.469084881,0.645153454,0.137331562,0.96060605,0.160401044,0.648306813,0.972748771,0.858830531,0.273950274,0.627653783,0.228374472
0.231448624,0.174846214,0.904926761,0.093798719,0.394317542,0.944261485,0.348875998,0.317262958,0.909354783,0.797822134,0.320133124,0.639085465,0.183678008
0.170787421,0.153540211,0.856802552,0.06509656,0.674086984,0.596877646,0.525933497,0.179330478,0.857544523,0.611308147,0.135483614,0.552531301,0.31287525
0.585287481,0.511566671,0.565588036,0.480587534,0.216146578,0.937359173,0.421673163,0.581574077,0.971880253,0.91081959,0.271670822,0.419161677,0.154992217
0.467133545,0.364926616,0.72946663,0.006241785,0.491901882,0.413776692,0.617200472,0.48496585,0.823461664,0.389275288,0.360135,0.630647795,0.557705137
0.939354147,0.91954523,0.133231118,0.014960343,0.295205205,0.761771728,0.369309936,0.943636568,0.914224709,0.863976683,0.28799235,0.667392488,0.287969758
0.191214243,0.149314298,0.864078865,0.096941149,0.450536624,0.776698473,0.399378401,0.238181665,0.844752645,0.615011409,0.263483818,0.640990746,0.119412942
0.173979227,0.130027694,0.914205106,0.086425152,0.359942878,0.959965614,0.27435613,0.24702778,0.925007033,0.909893005,0.527033064,0.565051715,0.261285301
0.959208373,0.95046221,0.083435992,0.03054047,0.307268086,0.724653091,0.282976755,0.965839337,0.842034262,0.626463711,0.272059122,0.105062602,0.174116077
0.653809075,0.496439549,0.675219,0.171911725,0.421027044,0.87037314,0.426234938,0.651755488,0.897573529,0.829257153,0.234071472,0.628470332,0.339559706
0.684776595,0.616661147,0.48611587,0.018586178,0.384242033,0.738014602,0.451790143,0.692488735,0.892112511,0.677614751,0.248260865,0.615677735,0.363130976
0.528341864,0.449055073,0.636056946,0.536544826,0.304000859,0.967163773,0.218349777,0.506509266,0.970469889,0.894307456,0.271656566,0.545998911,0.247720703
